index,url,brand,name,price,discount_price,thumbnail,color,category,tone
0,https://store.musinsa.com/app/goods/2307527,다운블로우,FW 남자 골프웨어 팔라인 카라티셔츠,"79,800",,https://image.msscdn.net/images/goods_img/20220114/2307527/2307527_2_500.jpg,3,collar,summer
1,https://store.musinsa.com/app/goods/2302179,다운블로우,남자 골프웨어 카라티셔츠,"79,800",,https://image.msscdn.net/images/goods_img/20220112/2302179/2302179_2_500.jpg,3,collar,summer
2,https://store.musinsa.com/app/goods/2300566,스톤아일랜드,21FW 슬림 워싱 PK 반팔 카라티 차콜 751522S67,"247,000",,https://image.msscdn.net/images/goods_img/20220111/2300566/2300566_1_500.jpg,3,collar,fall
3,https://store.musinsa.com/app/goods/2311491,컴젠,변형 립조직 카라 풀오버 GREY-MELANGE NABW0-WSP020_431,"159,000",,https://image.msscdn.net/images/goods_img/20220118/2311491/2311491_1_500.jpg,3,collar,summer
4,https://store.musinsa.com/app/goods/2314802,엠엘비,여성 하트 스몰로고 카라 티셔츠 B (M.Grey),"89,000",,https://image.msscdn.net/images/goods_img/20220119/2314802/2314802_1_500.jpg,3,collar,spring
5,https://store.musinsa.com/app/goods/2314795,엠엘비,남성 하트 스몰로고 카라 티셔츠 B (M.Grey),"89,000",,https://image.msscdn.net/images/goods_img/20220119/2314795/2314795_1_500.jpg,3,collar,fall
6,https://store.musinsa.com/app/goods/2310244,폴스미스,22SS 183K 72 지브라 로고 PK 반팔 티셔츠,"136,000",,https://image.msscdn.net/images/goods_img/20220117/2310244/2310244_1_500.jpg,3,collar,fall
7,https://store.musinsa.com/app/goods/2300443,스톤아일랜드,22SS 슬림 PK 반팔카라티 멜란지그레이101522S18,"224,000",,https://image.msscdn.net/images/goods_img/20220111/2300443/2300443_1_500.jpg,3,collar,summer
8,https://store.musinsa.com/app/goods/2298344,테일러메이드 어패럴,남성 배색 카라 반팔티셔츠 TMTYK2911-196,"239,000","167,300",https://image.msscdn.net/images/goods_img/20220107/2298344/2298344_1_500.jpg,3,collar,summer
9,https://store.musinsa.com/app/goods/2296889,테일러메이드 어패럴,21FW 남성 배색 카라 티셔츠 TMTYK3342-193,"219,000",,https://image.msscdn.net/images/goods_img/20220107/2296889/2296889_6_500.jpg,3,collar,summer
10,https://store.musinsa.com/app/goods/2296907,테일러메이드 어패럴,21FW 남성 컬러 블록 카라 티셔츠 TMTYK3149-193,"239,000",,https://image.msscdn.net/images/goods_img/20220107/2296907/2296907_6_500.jpg,3,collar,summer
11,https://store.musinsa.com/app/goods/2077021,디스이즈네버댓,Striped Rugby Shirt Heather Grey,"69,000","48,300",https://image.msscdn.net/images/goods_img/20210821/2077021/2077021_1_500.jpg,3,collar,fall
12,https://store.musinsa.com/app/goods/1387974,무신사 스탠다드,릴렉스 핏 피케 폴로 셔츠 [미디엄 그레이],"27,900",,https://image.msscdn.net/images/goods_img/20200407/1387974/1387974_1_500.jpg,3,collar,summer
13,https://store.musinsa.com/app/goods/1387962,무신사 스탠다드,베이식 피케 폴로 셔츠 [미디엄 그레이],"25,900",,https://image.msscdn.net/images/goods_img/20200407/1387962/1387962_1_500.jpg,3,collar,summer
14,https://store.musinsa.com/app/goods/2108842,예일,EMBROIDERY HANDSOME DAN PK LS GRAY,"69,000","41,400",https://image.msscdn.net/images/goods_img/20210903/2108842/2108842_2_500.jpg,3,collar,summer
15,https://store.musinsa.com/app/goods/2114211,마리떼,MARITHE W ZIPUP SWEATSHIRT heather gray,"99,000",,https://image.msscdn.net/images/goods_img/20210907/2114211/2114211_5_500.jpg,3,collar,fall
16,https://store.musinsa.com/app/goods/1914983,무신사 스탠다드,슬릿 넥 피케 폴로 셔츠 [그레이],"25,900",,https://image.msscdn.net/images/goods_img/20210422/1914983/1914983_1_500.jpg,3,collar,summer
17,https://store.musinsa.com/app/goods/2121427,일꼬르소,그레이 오버핏 화섬 패치 더블포켓 카라티,"99,000","64,350",https://image.msscdn.net/images/goods_img/20210909/2121427/2121427_2_500.jpg,3,collar,summer
18,https://store.musinsa.com/app/goods/2283180,간트,DI32120097 2005066 폴 헤비 러거 GREY,"158,000",,https://image.msscdn.net/images/goods_img/20211227/2283180/2283180_1_500.jpg,3,collar,summer
19,https://store.musinsa.com/app/goods/1468841,글로즈스튜디오,에센셜 세미 오버 니트 카라티(7 컬러),"52,000","26,000",https://image.msscdn.net/images/goods_img/20200601/1468841/1468841_1_500.jpg,3,collar,fall
20,https://store.musinsa.com/app/goods/1935780,더블유브이프로젝트,미니 카라 반팔티셔츠 그레이 MJST7497,"28,900","27,400",https://image.msscdn.net/images/goods_img/20210504/1935780/1935780_1_500.jpg,3,collar,summer
21,https://store.musinsa.com/app/goods/1986530,아웃스탠딩,OS LOGO COLLAR TEE_GRAY,"48,000","24,000",https://image.msscdn.net/images/goods_img/20210607/1986530/1986530_2_500.jpg,3,collar,fall
22,https://store.musinsa.com/app/goods/2112570,에즈카톤,에드 카라 맨투맨 그레이 KMMT6613,"48,000","45,600",https://image.msscdn.net/images/goods_img/20210907/2112570/2112570_4_500.jpg,3,collar,fall
23,https://store.musinsa.com/app/goods/1873181,무신사 스탠다드,플레인 폴로 셔츠 [라이트 그레이],"23,900",,https://image.msscdn.net/images/goods_img/20210331/1873181/1873181_1_500.jpg,3,collar,summer
24,https://store.musinsa.com/app/goods/1914530,무신사 스탠다드,릴렉스 핏 피케 폴로 셔츠 [그레이],"27,900",,https://image.msscdn.net/images/goods_img/20210422/1914530/1914530_1_500.jpg,3,collar,summer
25,https://store.musinsa.com/app/goods/1848790,폴로 랄프 로렌,커스텀 슬림핏 메시 폴로 셔츠 - 그레이,"149,000",,https://image.msscdn.net/images/goods_img/20210317/1848790/1848790_1_500.jpg,3,collar,fall
26,https://store.musinsa.com/app/goods/1914974,무신사 스탠다드,베이식 피케 폴로 셔츠 [그레이],"25,900",,https://image.msscdn.net/images/goods_img/20210422/1914974/1914974_1_500.jpg,3,collar,summer
27,https://store.musinsa.com/app/goods/2036321,에잇세컨즈,애쉬 리넨 블렌디드 반팔 풀오버 셔츠_레귤러핏 (421765CY44),"35,900","12,900",https://image.msscdn.net/images/goods_img/20210721/2036321/2036321_2_500.jpg,3,collar,fall
28,https://store.musinsa.com/app/goods/1768562,5252 바이 오아이오아이,COLLARED SWEATSHIRTS [GREY],"79,000","55,300",https://image.msscdn.net/images/goods_img/20210129/1768562/1768562_1_500.png,3,collar,summer
29,https://store.musinsa.com/app/goods/1054557,휠라,스몰로고 베이직 카라티셔츠(FE2TSB5101XMLY),"32,000",,https://image.msscdn.net/images/goods_img/20190524/1054557/1054557_2_500.jpg,3,collar,fall
30,https://store.musinsa.com/app/goods/1734070,반스,AP 온 장르 롱슬리브 폴로 - 콘크리트 헤더 / VN0A54JD4OU1,"89,000","19,900",https://image.msscdn.net/images/goods_img/20201230/1734070/1734070_1_500.jpg,3,collar,
31,https://store.musinsa.com/app/goods/1962551,더블유엠씨,워셔블 니트 카라 GREY_MOBBSXM5111,"55,000","49,500",https://image.msscdn.net/images/goods_img/20210521/1962551/1962551_2_500.jpg,3,collar,fall
32,https://store.musinsa.com/app/goods/1944331,토피,오픈카라 피케 루즈핏 반팔티 (SMOKE GREY),"29,000","19,900",https://image.msscdn.net/images/goods_img/20210511/1944331/1944331_1_500.jpg,3,collar,fall
33,https://store.musinsa.com/app/goods/1115617,로맨틱 파이어리츠,MINIMAL BUTTON PK LONG SLEEVE(GRAY),"35,500",,https://image.msscdn.net/images/goods_img/20190810/1115617/1115617_2_500.jpg,3,collar,fall
34,https://store.musinsa.com/app/goods/1937794,블론드나인,OPEN COLLAR PUNCHING KNIT_GRAY,"52,900","36,900",https://image.msscdn.net/images/goods_img/20210506/1937794/1937794_2_500.jpg,3,collar,summer
35,https://store.musinsa.com/app/goods/1322055,내셔널지오그래픽,N202MPL830 오카티 슬럽 피케 반팔 티셔츠 CHARCOAL,"79,000","55,300",https://image.msscdn.net/images/goods_img/20200225/1322055/1322055_1_500.jpg,3,collar,summer
36,https://store.musinsa.com/app/goods/1298287,배드인배드,BINDING COLLAR SWEATSHIRT_GREY,"58,000","23,200",https://image.msscdn.net/images/goods_img/20200210/1298287/1298287_1_500.jpg,3,collar,fall
37,https://store.musinsa.com/app/goods/1917613,밀로,게일 온오프 니트 셔츠 [그레이지],"88,000","61,600",https://image.msscdn.net/images/goods_img/20210423/1917613/1917613_1_500.jpg,3,collar,fall
38,https://store.musinsa.com/app/goods/2128454,테네르,카라 오버니트 그레이,"69,000","48,000",https://image.msscdn.net/images/goods_img/20210913/2128454/2128454_1_500.jpg,3,collar,fall
39,https://store.musinsa.com/app/goods/1440329,다이클레즈,어라이벌 카라반팔 그레이 CHSS5141,"36,900",,https://image.msscdn.net/images/goods_img/20200512/1440329/1440329_1_500.jpg,3,collar,summer
40,https://store.musinsa.com/app/goods/1893680,아웃도어 프로덕츠,테리 폴로 반팔 셔츠 TERRY POLO SS SHIRT,"49,900",,https://image.msscdn.net/images/goods_img/20210412/1893680/1893680_1_500.jpg,3,collar,fall
41,https://store.musinsa.com/app/goods/2173602,로우랩,나일론 RW 로고 폴로 (그레이),"54,000","48,600",https://image.msscdn.net/images/goods_img/20211012/2173602/2173602_1_500.jpg,3,collar,fall
42,https://store.musinsa.com/app/goods/1953506,언더아머골프,남성 플레이오프 피케 폴로 반팔티 1345459-035,"79,000","47,400",https://image.msscdn.net/images/goods_img/20210517/1953506/1953506_1_500.jpg,3,collar,summer
43,https://store.musinsa.com/app/goods/1904866,예일,EMBROIDERY HANDSOME DAN PK SHIRT GRAY,"59,000","41,300",https://image.msscdn.net/images/goods_img/20210418/1904866/1904866_2_500.jpg,3,collar,spring
44,https://store.musinsa.com/app/goods/1881935,헤리토리골프,여성 애나멜 와펜 반팔티셔츠_MGWASTM4316,"139,000","12,000",https://image.msscdn.net/images/goods_img/20210406/1881935/1881935_1_500.jpg,3,collar,summer
45,https://store.musinsa.com/app/goods/2227081,어커버,배색 카라 포인트 티셔츠 그레이,"31,000","21,800",https://image.msscdn.net/images/goods_img/20211111/2227081/2227081_1_500.jpg,3,collar,summer
46,https://store.musinsa.com/app/goods/2244471,인터섹션,오버사이즈 카라 니트 [그레이],"128,000",,https://image.msscdn.net/images/goods_img/20211123/2244471/2244471_1_500.jpg,3,collar,summer
47,https://store.musinsa.com/app/goods/2268909,오피셜가먼트,오버핏 카라 스웨트셔츠 (그레이),"78,500","58,875",https://image.msscdn.net/images/goods_img/20211215/2268909/2268909_1_500.jpg,3,collar,fall
48,https://store.musinsa.com/app/goods/1917286,페플,컴포트 카라 반팔 티셔츠 딥그레이 SJST1309,"23,900","22,700",https://image.msscdn.net/images/goods_img/20210423/1917286/1917286_1_500.jpg,3,collar,fall
49,https://store.musinsa.com/app/goods/1551927,체이스컬트,남성 베이직 요코 카라 티셔츠-KEZK5101B0L,"29,900","19,900",https://image.msscdn.net/images/goods_img/20200818/1551927/1551927_1_500.jpg,3,collar,fall
50,https://store.musinsa.com/app/goods/1857998,아크메드라비,PIGMENT LEATHER PATCH PIQUE SHIRTS CHARCOAL,"99,000",,https://image.msscdn.net/images/goods_img/20210323/1857998/1857998_1_500.jpg,3,collar,fall
51,https://store.musinsa.com/app/goods/1848820,폴로 랄프 로렌,커스텀 슬림핏 폴로 베어 폴로 셔츠 - 그레이,"179,000",,https://image.msscdn.net/images/goods_img/20210317/1848820/1848820_1_500.jpg,3,collar,fall
52,https://store.musinsa.com/app/goods/2190087,닥스런던,그레이 소프트 &amp; 스트레치  체크 카라 티셔츠 (DGTS1D952CG),"170,000",,https://image.msscdn.net/images/goods_img/20211020/2190087/2190087_1_500.jpg,3,collar,fall
53,https://store.musinsa.com/app/goods/1937598,르까프,(공용)두줄뽑기게임폴로티셔츠,"14,900",,https://image.msscdn.net/images/goods_img/20210505/1937598/1937598_1_500.jpg,3,collar,fall
54,https://store.musinsa.com/app/goods/2168630,왓에버위원트,CASHMERE NECK SLIT COLLAR KNIT [GRAY],"95,000","76,000",https://image.msscdn.net/images/goods_img/20211007/2168630/2168630_1_500.jpg,3,collar,fall
55,https://store.musinsa.com/app/goods/2250958,레씨토,INSIDE-OUT SOMCK WOOL KNIT PK_[GRAY],"96,000",,https://image.msscdn.net/images/goods_img/20211129/2250958/2250958_1_500.jpg,3,collar,fall
56,https://store.musinsa.com/app/goods/2110530,폴로 랄프 로렌,커스텀 슬림핏 아이코닉 럭비 셔츠 - 그레이:네이비,"189,000",,https://image.msscdn.net/images/goods_img/20210906/2110530/2110530_1_500.jpg,3,collar,summer
57,https://store.musinsa.com/app/goods/253287,[클리어런스],Rugby-T [G-Gray],"62,000","17,900",https://image.msscdn.net/images/goods_img/20150921/253287/253287_2_500.jpg,6,collar,summer
58,https://store.musinsa.com/app/goods/1311352,배드인배드,DIVISION POLO SHIRT_GREY,"58,000","23,200",https://image.msscdn.net/images/goods_img/20200219/1311352/1311352_1_500.jpg,3,collar,spring
59,https://store.musinsa.com/app/goods/1979778,폴로 랄프 로렌,커스텀 슬림핏 메시 폴로 셔츠 - 그레이,"149,000",,https://image.msscdn.net/images/goods_img/20210602/1979778/1979778_1_500.jpg,3,collar,summer
60,https://store.musinsa.com/app/goods/1594227,로맨틱크라운,PADDLING LOGO POLO SHIRT_GREY,"72,000","43,200",https://image.msscdn.net/images/goods_img/20200910/1594227/1594227_1_500.jpg,3,collar,summer
61,https://store.musinsa.com/app/goods/1520302,글리머,302-ADP 메쉬 폴로 반팔셔츠 그레이,"14,000","12,900",https://image.msscdn.net/images/goods_img/20200720/1520302/1520302_1_500.jpg,3,collar,fall
62,https://store.musinsa.com/app/goods/1950530,더블유브이프로젝트,시티 스트라이프 카라 반팔티셔츠 그레이 JIST7504,"38,900","36,900",https://image.msscdn.net/images/goods_img/20210514/1950530/1950530_1_500.jpg,3,collar,fall
63,https://store.musinsa.com/app/goods/1807567,밀레 클래식,MCC ICE SHELL PK SHIRTS GREY,"69,000",,https://image.msscdn.net/images/goods_img/20210222/1807567/1807567_3_500.jpg,3,collar,summer
64,https://store.musinsa.com/app/goods/1897520,로맨틱크라운,세레머니 플레그 폴로_그레이,"52,000","36,400",https://image.msscdn.net/images/goods_img/20210414/1897520/1897520_2_500.jpg,3,collar,summer
65,https://store.musinsa.com/app/goods/1965346,퍼스텝,브로든 피그먼트 카라반팔 회색 SMST4416,"33,900","32,200",https://image.msscdn.net/images/goods_img/20210525/1965346/1965346_2_500.jpg,3,collar,fall
66,https://store.musinsa.com/app/goods/1942442,로맨틱크라운,RMTC 클럽 스트라이프 폴로_그레이,"58,000","40,600",https://image.msscdn.net/images/goods_img/20210510/1942442/1942442_1_500.jpg,3,collar,summer
67,https://store.musinsa.com/app/goods/1931920,지프,M-Logo Set up Classic  (JM5TSU161MG),"49,000",,https://image.msscdn.net/images/goods_img/20210430/1931920/1931920_5_500.jpg,3,collar,fall
68,https://store.musinsa.com/app/goods/1026433,밸런스우드,BW-S3-TS205-2C (GRAY),"41,000","28,700",https://image.msscdn.net/images/goods_img/20190424/1026433/1026433_1_500.jpg,3,collar,summer
69,https://store.musinsa.com/app/goods/1985391,빈폴 멘,그레이 티핑 칼라 피케 티셔츠 (BC1642A013),"119,000","83,300",https://image.msscdn.net/images/goods_img/20210607/1985391/1985391_3_500.jpg,3,collar,summer
70,https://store.musinsa.com/app/goods/1520753,글리머,330-AVP 포켓 폴로 반팔셔츠 그레이,"14,000","12,900",https://image.msscdn.net/images/goods_img/20200720/1520753/1520753_1_500.jpg,3,collar,fall
71,https://store.musinsa.com/app/goods/2033615,스파오,[포맨] 반오픈 반팔스웨터_SPKWB37M96,"39,900",,https://image.msscdn.net/images/goods_img/20210719/2033615/2033615_5_500.jpg,3,collar,
72,https://store.musinsa.com/app/goods/1894514,맨인정글,[MIJ] 21 드라이빙 수피마 코튼 오픈 카라 니트 - 라이트 그레이,"110,000",,https://image.msscdn.net/images/goods_img/20210412/1894514/1894514_1_500.jpg,3,collar,spring
73,https://store.musinsa.com/app/goods/2209888,바이엘,웜업 카라티 그레이,"73,000",,https://image.msscdn.net/images/goods_img/20211101/2209888/2209888_1_500.jpg,3,collar,fall
74,https://store.musinsa.com/app/goods/1870156,로맨틱크라운,RMTC 로고 라인 폴로_그레이,"52,000","36,400",https://image.msscdn.net/images/goods_img/20210330/1870156/1870156_2_500.jpg,3,collar,summer
75,https://store.musinsa.com/app/goods/1853528,리플레이컨테이너,RC polo collar mtm (gray),"47,000","32,900",https://image.msscdn.net/images/goods_img/20210318/1853528/1853528_1_500.jpg,3,collar,summer
76,https://store.musinsa.com/app/goods/2154885,로어즈,Waffle Collar Polo - Dove,"89,000","53,400",https://image.msscdn.net/images/goods_img/20210930/2154885/2154885_1_500.jpg,3,collar,fall
77,https://store.musinsa.com/app/goods/1862354,필루미네이트 블랙,B-레귤러핏 쿨 카라 티-그레이,"35,000","26,250",https://image.msscdn.net/images/goods_img/20210324/1862354/1862354_1_500.jpg,3,collar,summer
78,https://store.musinsa.com/app/goods/2195924,타미힐피거,1985 레귤러 폴로 티셔츠 (T12B7TKT01CMT2P91),"129,000","90,300",https://image.msscdn.net/images/goods_img/20211025/2195924/2195924_2_500.jpg,3,collar,summer
79,https://store.musinsa.com/app/goods/2282265,페어라이어,모크넥 카라 니트(GR),"318,000",,https://image.msscdn.net/images/goods_img/20211224/2282265/2282265_1_500.jpg,3,collar,summer
80,https://store.musinsa.com/app/goods/1580889,로맨틱크라운,BACK POCKET COLLAR SWEATSHIRT_GREY,"62,000","37,200",https://image.msscdn.net/images/goods_img/20200902/1580889/1580889_1_500.jpg,3,collar,summer
81,https://store.musinsa.com/app/goods/2277003,겐조,11주년 여성 미니 타이거 패치 PK티 2TO865 981 93,"114,450",,https://image.msscdn.net/images/goods_img/20211221/2277003/2277003_1_500.jpg,3,collar,summer
82,https://store.musinsa.com/app/goods/2275412,몽클레어,21SS 로고 패치 삼선 PK 티셔츠 8A703 00 84556 987,"292,950",,https://image.msscdn.net/images/goods_img/20211221/2275412/2275412_1_500.jpg,3,collar,fall
83,https://store.musinsa.com/app/goods/1386965,배드인배드,BINDING COLLAR POLO TEE_GREY,"48,000","19,200",https://image.msscdn.net/images/goods_img/20200406/1386965/1386965_1_500.jpg,3,collar,fall
84,https://store.musinsa.com/app/goods/2146520,투어티,캠퍼스 카라맨투맨 그레이,"64,000","38,400",https://image.msscdn.net/images/goods_img/20210926/2146520/2146520_1_500.jpg,3,collar,fall
85,https://store.musinsa.com/app/goods/2016185,랩12,21S/S 테리 코튼 피케티셔츠 (그레이),"49,000","39,200",https://image.msscdn.net/images/goods_img/20210701/2016185/2016185_1_500.jpg,3,collar,fall
86,https://store.musinsa.com/app/goods/1482887,언더유스,UY N/C 유틸리티 카라 티 (웜 그레이),"68,000","30,600",https://image.msscdn.net/images/goods_img/20200612/1482887/1482887_2_500.jpg,3,collar,summer
87,https://store.musinsa.com/app/goods/1956409,하이투,[UNISEX] 하이키 자수 테리 코튼 피케 티셔츠 그레이,"97,000",,https://image.msscdn.net/images/goods_img/20210518/1956409/1956409_1_500.jpg,3,collar,fall
88,https://store.musinsa.com/app/goods/1466406,큐리티,C PUNCHING CROP PK SHIRT_GREY,"49,000","29,400",https://image.msscdn.net/images/goods_img/20200528/1466406/1466406_1_500.jpg,3,collar,fall
89,https://store.musinsa.com/app/goods/2108845,예일,EMBROIDERY HANDSOME DAN PK LS CHARCOAL,"69,000","41,400",https://image.msscdn.net/images/goods_img/20210903/2108845/2108845_2_500.jpg,3,collar,fall
90,https://store.musinsa.com/app/goods/2298352,테일러메이드 어패럴,남성 카라 반집업 반팔티셔츠 TMTYK2905-500,"219,000","153,300",https://image.msscdn.net/images/goods_img/20220107/2298352/2298352_1_500.jpg,11,collar,summer
91,https://store.musinsa.com/app/goods/2298082,테일러메이드 어패럴,여성 카라 로고 반집업 티셔츠 TWTYK5901-500,"219,000","153,300",https://image.msscdn.net/images/goods_img/20220107/2298082/2298082_1_500.jpg,11,collar,summer
92,https://store.musinsa.com/app/goods/2298372,테일러메이드 어패럴,남성 소매 프린팅 카라 티셔츠 TMTYK1901-500,"279,000","195,300",https://image.msscdn.net/images/goods_img/20220107/2298372/2298372_1_500.jpg,11,collar,summer
93,https://store.musinsa.com/app/goods/2203957,리에이크,[이상] 롱슬리브 칼라 티셔츠 레드,"54,000","35,000",https://image.msscdn.net/images/goods_img/20211028/2203957/2203957_1_500.png,11,collar,fall
94,https://store.musinsa.com/app/goods/2046650,엠엠엘지,[Mmlg] M BORDER RUGBY SHIRT (RED),"72,000","50,400",https://image.msscdn.net/images/goods_img/20210802/2046650/2046650_1_500.jpg,11,collar,fall
95,https://store.musinsa.com/app/goods/1115614,로맨틱 파이어리츠,MINIMAL BUTTON PK LONG SLEEVE(BURGUNDY),"35,500",,https://image.msscdn.net/images/goods_img/20190810/1115614/1115614_2_500.jpg,11,collar,fall
96,https://store.musinsa.com/app/goods/2074633,리,빅 트위치 럭비 티셔츠 레드,"69,000","48,300",https://image.msscdn.net/images/goods_img/20210820/2074633/2074633_1_500.jpg,11,collar,summer
97,https://store.musinsa.com/app/goods/1387967,무신사 스탠다드,베이식 피케 폴로 셔츠 [레드],"25,900",,https://image.msscdn.net/images/goods_img/20200407/1387967/1387967_1_500.jpg,11,collar,winter
98,https://store.musinsa.com/app/goods/2195947,타미힐피거,스트라이프 레귤러 폴로 티셔츠 (T12B7TKT030MT2DW5),"149,000","104,300",https://image.msscdn.net/images/goods_img/20211025/2195947/2195947_2_500.jpg,11,collar,summer
99,https://store.musinsa.com/app/goods/1741120,네버마인드올,TS027디바이드 업앤다운 티셔츠_RD,"128,000",,https://image.msscdn.net/images/goods_img/20210108/1741120/1741120_1_500.jpg,11,collar,summer
100,https://store.musinsa.com/app/goods/1932163,더 파머,유니 잔스트라이프 루즈핏 카라티(블랙)_GMM1KL03BK,"139,000","104,250",https://image.msscdn.net/images/goods_img/20210430/1932163/1932163_1_500.jpg,11,collar,fall
101,https://store.musinsa.com/app/goods/1357798,엠엠엘지,[Mmlg] P/D PIQUE SHIRT (RED),"62,000","31,000",https://image.msscdn.net/images/goods_img/20200318/1357798/1357798_1_500.jpg,11,collar,summer
102,https://store.musinsa.com/app/goods/2239089,브룩스 브라더스,코튼 롱슬리브 피케 폴로 니트 (레드) (32784587),"150,000","105,000",https://image.msscdn.net/images/goods_img/20211118/2239089/2239089_1_500.jpg,11,collar,summer
103,https://store.musinsa.com/app/goods/189026,자니카슨,스트라이프 폴로셔츠 - WTRed,"38,000",,https://image.msscdn.net/images/goods_img/20150421/189026/189026_1_500.jpg,11,collar,summer
104,https://store.musinsa.com/app/goods/1952656,하프 페니,시그니처 심볼 럭비 하프 슬리브[네이비],"59,000","50,150",https://image.msscdn.net/images/goods_img/20210516/1952656/1952656_1_500.jpg,11,collar,summer
105,https://store.musinsa.com/app/goods/543017,아임낫어휴먼비잉,But People Love Me PK Shirts - Red,"45,000",,https://image.msscdn.net/images/goods_img/20170421/543017/543017_2_500.jpg,11,collar,fall
106,https://store.musinsa.com/app/goods/1387429,널디,아치 로고 반팔 폴로 티셔츠 레드,"65,000","29,000",https://image.msscdn.net/images/goods_img/20200406/1387429/1387429_2_500.png,11,collar,summer
107,https://store.musinsa.com/app/goods/1469608,젠사이,오버사이즈 절개 카라 티셔츠,"307,000","168,850",https://image.msscdn.net/images/goods_img/20200601/1469608/1469608_1_500.jpg,11,collar,fall
108,https://store.musinsa.com/app/goods/1837467,골스튜디오,FREE KICK CAPSULE TERRY POLO SHIRT - CORAL RED,"75,000","45,000",https://image.msscdn.net/images/goods_img/20210310/1837467/1837467_1_500.jpg,11,collar,spring
109,https://store.musinsa.com/app/goods/1932177,더 파머,유니 더파머 레귤러핏 카라티(블랙)_GMM1KL01BK,"99,000","74,250",https://image.msscdn.net/images/goods_img/20210430/1932177/1932177_1_500.jpg,11,collar,winter
110,https://store.musinsa.com/app/goods/798003,큐티에잇,TW Rugby Half Tee (Red),"49,000","29,400",https://image.msscdn.net/images/goods_img/20180608/798003/798003_1_500.jpg,11,collar,summer
111,https://store.musinsa.com/app/goods/1861719,더 파머,유니 요꼬넥 카라티(레드)_GMS1KL01RE,"99,000",,https://image.msscdn.net/images/goods_img/20210324/1861719/1861719_1_500.jpg,11,collar,summer
112,https://store.musinsa.com/app/goods/901163,더쇼즈낫오버,RUGBY SHIRT BURGANDY,"69,000",,https://image.msscdn.net/images/goods_img/20181108/901163/901163_1_500.jpg,11,collar,summer
113,https://store.musinsa.com/app/goods/2260766,구찌,21FW 653379 6429 인터로킹 G로고 저지 PK 티셔츠,"1,071,000",,https://image.msscdn.net/images/goods_img/20211208/2260766/2260766_1_500.jpg,11,collar,summer
114,https://store.musinsa.com/app/goods/1376322,플랙,MINO YOON MENS BLOCK STRIPE SHORTS SLEEVE COLLAR T-SHIRTS_RD (PWTZ2RSL50MORD),"69,000","62,100",https://image.msscdn.net/images/goods_img/20200401/1376322/1376322_2_500.jpg,11,collar,fall
115,https://store.musinsa.com/app/goods/1932161,더 파머,유니 동일 블럭 루즈핏 카라티(네이비)_GMM1KL04NV,"139,000","104,250",https://image.msscdn.net/images/goods_img/20210430/1932161/1932161_1_500.jpg,11,collar,summer
116,https://store.musinsa.com/app/goods/1520309,글리머,302-ADP 메쉬 폴로 반팔셔츠 레드,"14,000","12,900",https://image.msscdn.net/images/goods_img/20200720/1520309/1520309_1_500.jpg,11,collar,summer
117,https://store.musinsa.com/app/goods/781618,라울,DENIM COLLAR PIQUE SHIRTS RED 데님카라 피케셔츠 스트라이프 레드,"69,000",,https://image.msscdn.net/images/goods_img/20180515/781618/781618_1_500.jpg,11,collar,summer
118,https://store.musinsa.com/app/goods/781605,라울,DENIM COLLAR PIQUE SHIRTS MAROON 데님카라 피케셔츠 솔리드 마룬,"69,000",,https://image.msscdn.net/images/goods_img/20180515/781605/781605_1_500.jpg,11,collar,winter
119,https://store.musinsa.com/app/goods/2244781,엘피지에이,선수용 로고 포인트 티셔츠_L203TL551P,"159,000",,https://image.msscdn.net/images/goods_img/20211123/2244781/2244781_1_500.jpg,11,collar,fall
120,https://store.musinsa.com/app/goods/2197754,피지에이투어,컬러배색 동체패턴 긴팔 티셔츠_L213TL102P,"199,000",,https://image.msscdn.net/images/goods_img/20211026/2197754/2197754_1_500.jpg,11,collar,summer
121,https://store.musinsa.com/app/goods/2187229,화이트볼,여성 W프린트 카라 반팔 골프 티셔츠 (레드),"158,000",,https://image.msscdn.net/images/goods_img/20211019/2187229/2187229_1_500.jpg,11,collar,summer
122,https://store.musinsa.com/app/goods/2185190,헤지스골프,[H-MAXSWING 430+]레드 H-MAXSWING 소재믹스 카라 티셔츠 (HUTS1D793R2),"198,000",,https://image.msscdn.net/images/goods_img/20211019/2185190/2185190_1_500.jpg,11,collar,summer
123,https://store.musinsa.com/app/goods/2181946,까스텔바작,여성 스트레치 앞판 프린트 카라 티셔츠_BGAWTS701RE,"140,000",,https://image.msscdn.net/images/goods_img/20211015/2181946/2181946_1_500.jpg,11,collar,summer
124,https://store.musinsa.com/app/goods/2169659,엠유스포츠,까뮤 원포인트 제에리 티셔츠 MU21522TL51-RED,"278,000",,https://image.msscdn.net/images/goods_img/20211008/2169659/2169659_1_500.jpg,11,collar,summer
125,https://store.musinsa.com/app/goods/2168352,엠유스포츠,프린트 절개 배색 티셔츠 MU21522TL05-RED,"278,000",,https://image.msscdn.net/images/goods_img/20211007/2168352/2168352_1_500.jpg,11,collar,summer
126,https://store.musinsa.com/app/goods/2119119,와이드앵글,남성 VA 보더 폴로 티셔츠,"99,000",,https://image.msscdn.net/images/goods_img/20210909/2119119/2119119_1_500.jpg,11,collar,winter
127,https://store.musinsa.com/app/goods/2153415,빈폴골프,[NDL라인] 남성 레드 투톤 멜란지 기모 칼라 티셔츠 (BJ1941M526),"198,000","138,600",https://image.msscdn.net/images/goods_img/20210929/2153415/2153415_1_500.jpg,11,collar,winter
128,https://store.musinsa.com/app/goods/1052280,체이스컬트,공용 요꼬 피케 솔리드 카라 티셔츠-JBZU5701C07,"19,900","14,900",https://image.msscdn.net/images/goods_img/20190522/1052280/1052280_1_500.jpg,11,collar,spring
129,https://store.musinsa.com/app/goods/2128881,네버마인드올,메종 라이닝 포인트 티셔츠_RD,"187,000",,https://image.msscdn.net/images/goods_img/20210914/2128881/2128881_1_500.jpg,11,collar,summer
130,https://store.musinsa.com/app/goods/2129181,네버마인드올,디아고 빅 블럭킹 티셔츠_RD,"179,000",,https://image.msscdn.net/images/goods_img/20210914/2129181/2129181_1_500.jpg,11,collar,spring
131,https://store.musinsa.com/app/goods/2127872,챔피온 골프,[ASIA] Golf 남성 C로고 폴로셔츠 (NORMAL RED) CKTS1F001R2,"169,000","135,200",https://image.msscdn.net/images/goods_img/20210913/2127872/2127872_1_500.jpg,11,collar,summer
132,https://store.musinsa.com/app/goods/2119150,와이드앵글,여성 VA 보더 폴로 티셔츠,"99,000",,https://image.msscdn.net/images/goods_img/20210909/2119150/2119150_1_500.jpg,11,collar,winter
133,https://store.musinsa.com/app/goods/2093554,패기앤코,기능성 그래픽 반팔 카라티셔츠 1573,"50,000","45,000",https://image.msscdn.net/images/goods_img/20210827/2093554/2093554_1_500.jpg,11,collar,summer
134,https://store.musinsa.com/app/goods/2093570,패기앤코,여성 기능성 그래픽 반팔 카라티셔츠 2573,"50,000","45,000",https://image.msscdn.net/images/goods_img/20210827/2093570/2093570_1_500.jpg,11,collar,summer
135,https://store.musinsa.com/app/goods/2087115,빈폴골프,[NDL라인] 여성 레드 소매 포인트 배색 칼라 티셔츠 (BJ1841L416),"199,000","139,300",https://image.msscdn.net/images/goods_img/20210825/2087115/2087115_1_500.jpg,11,collar,winter
136,https://store.musinsa.com/app/goods/2082696,이올로,테릭 라인 하프카라_오렌지,"158,000",,https://image.msscdn.net/images/goods_img/20210824/2082696/2082696_1_500.jpg,11,collar,spring
137,https://store.musinsa.com/app/goods/2083403,스릭슨,어깨 배색 프린트 반집업 티셔츠 SR21522TL12-RED,"298,000","149,000",https://image.msscdn.net/images/goods_img/20210824/2083403/2083403_1_500.jpg,11,collar,summer
138,https://store.musinsa.com/app/goods/2083475,스릭슨,비대칭 컬러 배색 카라 티셔츠 SR21522TL56-RED,"278,000","139,000",https://image.msscdn.net/images/goods_img/20210824/2083475/2083475_2_500.jpg,11,collar,summer
139,https://store.musinsa.com/app/goods/2083147,스릭슨,소매 컬러 배색 카라 티셔츠 SR21522TL51-RED,"258,000","129,000",https://image.msscdn.net/images/goods_img/20210824/2083147/2083147_1_500.jpg,11,collar,summer
140,https://store.musinsa.com/app/goods/1944808,더 파머,유니 더파머 레귤러핏 카라티(버건디)_GMM1KL01BD,"99,000","74,250",https://image.msscdn.net/images/goods_img/20210511/1944808/1944808_1_500.jpg,11,collar,winter
141,https://store.musinsa.com/app/goods/1520264,프린트스타,141-NVP 피케 폴로 반팔셔츠 레드,"17,000","16,900",https://image.msscdn.net/images/goods_img/20200720/1520264/1520264_1_500.jpg,11,collar,summer
142,https://store.musinsa.com/app/goods/2057727,헤리토리골프,여성 메달 프린팅 버튼 카라넥 티셔츠 _MGWALSF9111,"139,000","21,000",https://image.msscdn.net/images/goods_img/20210811/2057727/2057727_3_500.jpg,11,collar,summer
143,https://store.musinsa.com/app/goods/1520759,글리머,330-AVP 포켓 폴로 반팔셔츠 레드,"14,000","12,900",https://image.msscdn.net/images/goods_img/20200720/1520759/1520759_1_500.jpg,11,collar,spring
144,https://store.musinsa.com/app/goods/1788525,프로월드컵,Q121-3401-1RD 여성 카라티셔츠,"39,000",,https://image.msscdn.net/images/goods_img/20210209/1788525/1788525_1_500.jpg,11,collar,winter
145,https://store.musinsa.com/app/goods/2007741,프로월드컵,Q221-3427-1RD 여성 카라티셔츠,"39,000",,https://image.msscdn.net/images/goods_img/20210624/2007741/2007741_1_500.jpg,11,collar,spring
146,https://store.musinsa.com/app/goods/2007738,프로월드컵,Q121-3406-1RD 여성 카라티셔츠,"49,000",,https://image.msscdn.net/images/goods_img/20210624/2007738/2007738_1_500.jpg,11,collar,winter
147,https://store.musinsa.com/app/goods/1581978,프로월드컵,Q320-3451-1RD 여성 카라 티셔츠,"49,000",,https://image.msscdn.net/images/goods_img/20200903/1581978/1581978_1_500.jpg,11,collar,summer
148,https://store.musinsa.com/app/goods/1441248,프로월드컵,Q220-3424-1RD 여성 배색 카라 티셔츠,"34,000",,https://image.msscdn.net/images/goods_img/20200512/1441248/1441248_1_500.jpg,11,collar,summer
149,https://store.musinsa.com/app/goods/624775,구김스 컴퍼니,158RD_플라이 폴로 피케 긴팔카라티셔츠 (G10FMKT158),"69,000",,https://image.msscdn.net/images/goods_img/20170905/624775/624775_2_500.jpg,11,collar,summer
150,https://store.musinsa.com/app/goods/1729712,빈폴골프,여성 레드 스트라이프 칼라 티셔츠 (BJ0841A096),"199,000","119,400",https://image.msscdn.net/images/goods_img/20201223/1729712/1729712_1_500.jpg,11,collar,spring
151,https://store.musinsa.com/app/goods/1806725,스릭슨,사선 절개 포인트 카라 티셔츠 SR21122TS58_RED,"218,000","152,600",https://image.msscdn.net/images/goods_img/20210222/1806725/1806725_1_500.jpg,11,collar,summer
152,https://store.musinsa.com/app/goods/1799479,네버마인드올,윈디 펀칭 쿨링 카라티_RD,"167,000",,https://image.msscdn.net/images/goods_img/20210217/1799479/1799479_1_500.jpg,11,collar,summer
153,https://store.musinsa.com/app/goods/624760,구김스 컴퍼니,152R_날개 긴팔 폴로 피케 티셔츠(G10FMKT152),"62,000",,https://image.msscdn.net/images/goods_img/20170905/624760/624760_2_500.jpg,11,collar,summer
154,https://store.musinsa.com/app/goods/1864639,뎁,볼륨소매 카라티_RD[DDAMB2013M],"59,000",,https://image.msscdn.net/images/goods_img/20210325/1864639/1864639_1_500.jpg,11,collar,spring
155,https://store.musinsa.com/app/goods/321605,미시카,HOOLIGAN POLO SHIRT,"78,000","63,000",https://image.msscdn.net/images/goods_img/20160317/321605/321605_1_500.jpg,11,collar,fall
156,https://store.musinsa.com/app/goods/1798868,네버마인드올,헤리티지 세리프 티셔츠_RD,"147,000",,https://image.msscdn.net/images/goods_img/20210217/1798868/1798868_1_500.jpg,11,collar,summer
157,https://store.musinsa.com/app/goods/1941744,클랭클랑,로즈 베이직 카라티,"129,000",,https://image.msscdn.net/images/goods_img/20210510/1941744/1941744_1_500.jpg,11,collar,fall
158,https://store.musinsa.com/app/goods/1456545,체이스컬트,공용 베이직 피케 카라티셔츠-KBZU5701C07,"19,900","14,900",https://image.msscdn.net/images/goods_img/20200521/1456545/1456545_1_500.jpg,11,collar,spring
159,https://store.musinsa.com/app/goods/1770466,엠에프에스 골프웨어,TWIST POINT COLLAR T,"280,000",,https://image.msscdn.net/images/goods_img/20210201/1770466/1770466_1_500.jpg,11,collar,summer
160,https://store.musinsa.com/app/goods/2016375,그리디어스,홀스 아이 프린트 폴로 셔츠,"245,000",,https://image.msscdn.net/images/goods_img/20210701/2016375/2016375_1_500.jpg,11,collar,spring
161,https://store.musinsa.com/app/goods/1520706,글리머,313-ABN 드라이 폴로 반팔셔츠 레드,"17,000","15,900",https://image.msscdn.net/images/goods_img/20200720/1520706/1520706_1_500.jpg,11,collar,summer
162,https://store.musinsa.com/app/goods/1520776,글리머,331-ABP 버튼다운 폴로 반팔셔츠 레드,"17,000","15,900",https://image.msscdn.net/images/goods_img/20200720/1520776/1520776_1_500.jpg,11,collar,summer
163,https://store.musinsa.com/app/goods/1815429,패기앤코,여성 스포츠 기능성 반팔 카라티셔츠 2571,"45,000","30,000",https://image.msscdn.net/images/goods_img/20210225/1815429/1815429_1_500.jpg,11,collar,summer
164,https://store.musinsa.com/app/goods/2039951,왁,[WAAC X 골프대표팀] 여성 반팔 티셔츠_WWTCX21100REX,"190,000",,https://image.msscdn.net/images/goods_img/20210726/2039951/2039951_1_500.jpg,11,collar,summer
165,https://store.musinsa.com/app/goods/2068218,빈폴골프,[NDL라인] 남성 레드 액티브 로고 칼라 티셔츠 (BJ1841M426),"199,000","139,300",https://image.msscdn.net/images/goods_img/20210818/2068218/2068218_1_500.jpg,11,collar,winter
166,https://store.musinsa.com/app/goods/2039908,왁,[WAAC X 골프대표팀] 남성 반팔 티셔츠_WMTCX21100REX,"190,000",,https://image.msscdn.net/images/goods_img/20210726/2039908/2039908_1_500.jpg,11,collar,summer
167,https://store.musinsa.com/app/goods/2039947,왁,[WAAC X 골프대표팀] 여성 반팔 티셔츠_WWTCX21101REX,"170,000",,https://image.msscdn.net/images/goods_img/20210726/2039947/2039947_1_500.jpg,11,collar,summer
168,https://store.musinsa.com/app/goods/1932168,더 파머,여성 멀티스트라이프 크롭 카라티(레드)_GLM1KL02RE,"139,000","104,250",https://image.msscdn.net/images/goods_img/20210430/1932168/1932168_1_500.jpg,11,collar,fall
169,https://store.musinsa.com/app/goods/1848813,폴로 랄프 로렌,커스텀 슬림핏 The Earth Polo 셔츠 - 레드,"169,000",,https://image.msscdn.net/images/goods_img/20210317/1848813/1848813_1_500.jpg,11,collar,summer
170,https://store.musinsa.com/app/goods/2072268,르꼬끄 골프,남성 루스터 포인트 카라 긴팔티셔츠 (GM321MTL91),"178,000",,https://image.msscdn.net/images/goods_img/20210819/2072268/2072268_4_500.jpg,11,collar,summer
171,https://store.musinsa.com/app/goods/1978994,빈폴골프,여성 레드 블루종핏 와펜 칼라 티셔츠 (BJ1642A016),"139,000","97,300",https://image.msscdn.net/images/goods_img/20210602/1978994/1978994_1_500.jpg,11,collar,summer
172,https://store.musinsa.com/app/goods/2083716,빈폴골프,남성 레드 블럭 스트라이프 칼라 티셔츠 (BJ1841B026),"199,000","139,300",https://image.msscdn.net/images/goods_img/20210824/2083716/2083716_1_500.jpg,11,collar,summer
173,https://store.musinsa.com/app/goods/2070716,빈폴 멘,[ESSENTIAL] Unisex 레드 수피마 코튼 피케 칼라 티셔츠 (BC1741A016),"139,000",,https://image.msscdn.net/images/goods_img/20210819/2070716/2070716_2_500.jpg,11,collar,summer
174,https://store.musinsa.com/app/goods/1730065,빈폴골프,[NDL라인] 남성 레드 배색 칼라 티셔츠 (BJ0841M456),"199,000","119,400",https://image.msscdn.net/images/goods_img/20201223/1730065/1730065_1_500.jpg,11,collar,summer
175,https://store.musinsa.com/app/goods/1946313,폴로 랄프 로렌,[우먼즈] 슬림핏 스트레치 폴로 셔츠 - 레드,"149,000",,https://image.msscdn.net/images/goods_img/20210512/1946313/1946313_2_500.jpg,11,collar,spring
176,https://store.musinsa.com/app/goods/1932164,더 파머,유니 멀티스트라이프 루즈핏 카라티(레드)_GMM1KL02RE,"139,000","104,250",https://image.msscdn.net/images/goods_img/20210430/1932164/1932164_1_500.jpg,11,collar,fall
177,https://store.musinsa.com/app/goods/942763,프레시 안티 유스,ANTI SMILE POLO SHIRTS (FOR WOMEN) - RED,"52,000","41,600",https://image.msscdn.net/images/goods_img/20190129/942763/942763_1_500.jpg,11,collar,winter
178,https://store.musinsa.com/app/goods/1018471,아웃오브서클,로고 카라티 (레드),"49,000","24,500",https://image.msscdn.net/images/goods_img/20190418/1018471/1018471_1_500.jpg,11,collar,spring
179,https://store.musinsa.com/app/goods/2127938,챔피온 골프,[ASIA] Golf 여성 C로고 피케 반팔 티셔츠 (NORMAL RED) CKTS1F070R2,"169,000","135,200",https://image.msscdn.net/images/goods_img/20210913/2127938/2127938_2_500.jpg,11,collar,fall
180,https://store.musinsa.com/app/goods/2308010,루이까스텔,남자 소매 로고 자카드 요꼬 패치 티셔츠,"142,000","99,400",https://image.msscdn.net/images/goods_img/20220114/2308010/2308010_1_500.jpg,10,collar,summer
181,https://store.musinsa.com/app/goods/2300278,엠유스포츠,로고포인트 제원단 카라 티셔츠 MU22122TL02-LIP,"278,000",,https://image.msscdn.net/images/goods_img/20220111/2300278/2300278_1_500.jpg,10,collar,summer
182,https://store.musinsa.com/app/goods/2297970,테일러메이드 어패럴,여성 배색 포인트 카라 티셔츠 TWTYJ7984-403,"219,000","131,400",https://image.msscdn.net/images/goods_img/20220107/2297970/2297970_1_500.jpg,10,collar,spring
183,https://store.musinsa.com/app/goods/2298349,테일러메이드 어패럴,남성 자가드 카라 반팔티셔츠 TMTYK2906-403,"219,000","153,300",https://image.msscdn.net/images/goods_img/20220107/2298349/2298349_1_500.jpg,10,collar,summer
184,https://store.musinsa.com/app/goods/2298074,테일러메이드 어패럴,여성 사선 배색 카라 티셔츠 TWTYK5903-403,"239,000","167,300",https://image.msscdn.net/images/goods_img/20220107/2298074/2298074_1_500.jpg,10,collar,summer
185,https://store.musinsa.com/app/goods/2298360,테일러메이드 어패럴,여성 물결 절개 카라 티셔츠 TWTYK5902-403,"239,000","167,300",https://image.msscdn.net/images/goods_img/20220107/2298360/2298360_1_500.jpg,10,collar,spring
186,https://store.musinsa.com/app/goods/2295965,제이린드버그,[Women] 리나 라이트 피케 슬리브리스 탑,"204,000",,https://image.msscdn.net/images/goods_img/20220106/2295965/2295965_1_500.jpg,10,collar,spring
187,https://store.musinsa.com/app/goods/2298467,테일러메이드 어패럴,여성 자가드 카라 반팔티셔츠 TWTYK6905-403,"239,000","167,300",https://image.msscdn.net/images/goods_img/20220107/2298467/2298467_1_500.jpg,10,collar,summer
188,https://store.musinsa.com/app/goods/1005764,슬로우서비스,SLS PLAIN PK KNIT - PINK,"59,000","23,600",https://image.msscdn.net/images/goods_img/20190404/1005764/1005764_1_500.jpg,10,collar,summer
189,https://store.musinsa.com/app/goods/2149725,프리즘웍스,OG PIGMENT DYEING RUGBY TEE _ PINK,"69,000","44,850",https://image.msscdn.net/images/goods_img/20210928/2149725/2149725_1_500.jpg,10,collar,summer
190,https://store.musinsa.com/app/goods/1042519,써치410,HUNNID PK T_PINK,"39,000","31,200",https://image.msscdn.net/images/goods_img/20190513/1042519/1042519_1_500.jpg,10,collar,summer
191,https://store.musinsa.com/app/goods/2050129,클로티,CC RUGBY T-SHIRT PINK(CY2BFFT556A),"59,000","41,300",https://image.msscdn.net/images/goods_img/20210805/2050129/2050129_1_500.jpg,10,collar,spring
192,https://store.musinsa.com/app/goods/1116719,[클리어런스],유니섹스 버티컬 스트라이프 크레스트 로고 자수 럭비 티셔츠 ROSE PINK G9F9T501_26,"78,000","22,900",https://image.msscdn.net/images/goods_img/20190812/1116719/1116719_4_500.jpg,10,collar,fall
193,https://store.musinsa.com/app/goods/2144286,올젠,시그니쳐 티에리 티셔츠_ZPB4TT1901PK,"128,000","44,900",https://image.msscdn.net/images/goods_img/20210924/2144286/2144286_1_500.jpg,10,collar,summer
194,https://store.musinsa.com/app/goods/1419353,슬로우애시드,SLOWACIDXTEDDYISLAND 럭비 스트라이프 반팔티 (핑크),"45,000",,https://image.msscdn.net/images/goods_img/20200424/1419353/1419353_1_500.jpg,10,collar,spring
195,https://store.musinsa.com/app/goods/760221,페매니쉬,휴가 카라티_핑크,"59,000",,https://image.msscdn.net/images/goods_img/20180419/760221/760221_1_500.jpg,10,collar,summer
196,https://store.musinsa.com/app/goods/1947702,벤시몽,KNIT POLO SHIRTS - PINK,"119,000",,https://image.msscdn.net/images/goods_img/20210512/1947702/1947702_2_500.jpg,10,collar,summer
197,https://store.musinsa.com/app/goods/1848808,폴로 랄프 로렌,커스텀 슬림핏 메시 폴로 셔츠 - 핑크,"149,000",,https://image.msscdn.net/images/goods_img/20210317/1848808/1848808_1_500.jpg,10,collar,winter
198,https://store.musinsa.com/app/goods/1115621,로맨틱 파이어리츠,MINIMAL BUTTON PK LONG SLEEVE(ROYAL PINK),"35,500",,https://image.msscdn.net/images/goods_img/20190810/1115621/1115621_2_500.jpg,10,collar,summer
199,https://store.musinsa.com/app/goods/1017129,알엘오엘,(TS-19307) COLLAR T-SHIRT PINK,"63,000","37,800",https://image.msscdn.net/images/goods_img/20190417/1017129/1017129_2_500.jpg,10,collar,summer
200,https://store.musinsa.com/app/goods/1848792,폴로 랄프 로렌,커스텀 슬림핏 메시 폴로 셔츠 - 핑크,"149,000",,https://image.msscdn.net/images/goods_img/20210317/1848792/1848792_1_500.jpg,10,collar,summer
201,https://store.musinsa.com/app/goods/2282251,페어라이어,카라 집업 티셔츠(PK),"298,000",,https://image.msscdn.net/images/goods_img/20211224/2282251/2282251_3_500.jpg,10,collar,spring
202,https://store.musinsa.com/app/goods/2279944,빈폴골프×정예슬,STRIPE COLLAR TSHIRTS PINK (BJ1X41OA3X),"139,000","97,300",https://image.msscdn.net/images/goods_img/20211223/2279944/2279944_1_500.jpg,10,collar,fall
203,https://store.musinsa.com/app/goods/1436502,로드 존 그레이,20summer Jersey Hidden Polo T-shirt pink,"87,000","69,600",https://image.msscdn.net/images/goods_img/20200508/1436502/1436502_2_500.jpg,10,collar,spring
204,https://store.musinsa.com/app/goods/2263643,제이린드버그,[Women] 바브로 라이트 피케 폴로 셔츠,"204,000",,https://image.msscdn.net/images/goods_img/20211209/2263643/2263643_1_500.jpg,10,collar,spring
205,https://store.musinsa.com/app/goods/2243522,간트,DG72110051 402210 W.오리지날 피케 PINK,"108,000","54,000",https://image.msscdn.net/images/goods_img/20211122/2243522/2243522_3_500.jpg,10,collar,fall
206,https://store.musinsa.com/app/goods/2190954,르꼬끄 골프,여성 라인 포인트 소프트 터치 기모 티셔츠,"178,000",,https://image.msscdn.net/images/goods_img/20211020/2190954/2190954_65_500.jpg,10,collar,spring
207,https://store.musinsa.com/app/goods/2189790,제이린드버그,[Women] 사비나 롱 슬리브 소프트 브러쉬드 져지,"355,000",,https://image.msscdn.net/images/goods_img/20211020/2189790/2189790_1_500.jpg,10,collar,spring
208,https://store.musinsa.com/app/goods/2185232,헤지스골프,[ESSENTIAL]핑크 솔리드 소프트터치 약기모 카라 티셔츠 (HUTS1D701P3),"168,000",,https://image.msscdn.net/images/goods_img/20211019/2185232/2185232_1_500.jpg,10,collar,summer
209,https://store.musinsa.com/app/goods/2181716,까스텔바작,여성 스트레치 아트웍 카라 티셔츠_BGAFTS503PI,"140,000",,https://image.msscdn.net/images/goods_img/20211015/2181716/2181716_1_500.jpg,10,collar,summer
210,https://store.musinsa.com/app/goods/2166711,스릭슨,에리 컬러 배색 카라티셔츠 SR21522TL54-PIN,"238,000","119,000",https://image.msscdn.net/images/goods_img/20211007/2166711/2166711_1_500.jpg,10,collar,summer
211,https://store.musinsa.com/app/goods/2166795,스릭슨,비대칭 로고 디테일 카라 티셔츠 SR21522TL13-PIN,"238,000","119,000",https://image.msscdn.net/images/goods_img/20211007/2166795/2166795_1_500.jpg,10,collar,summer
212,https://store.musinsa.com/app/goods/2126805,네버마인드올,백크로스 니팅 티셔츠_PK,"179,000",,https://image.msscdn.net/images/goods_img/20210913/2126805/2126805_1_500.jpg,10,collar,summer
213,https://store.musinsa.com/app/goods/2115748,잭니클라우스,여성 컬러 스트라이프 긴팔티셔츠_LWTAW20031PIX,"198,000","99,000",https://image.msscdn.net/images/goods_img/20210908/2115748/2115748_1_500.jpg,10,collar,summer
214,https://store.musinsa.com/app/goods/2083400,스릭슨,사선 레터링 디테일 카라 티셔츠 SR21522TL05-PIN,"258,000","129,000",https://image.msscdn.net/images/goods_img/20210824/2083400/2083400_1_500.jpg,10,collar,summer
215,https://store.musinsa.com/app/goods/2083477,스릭슨,비대칭 컬러 배색 카라티셔츠 SR21522TL61-PIN,"238,000","119,000",https://image.msscdn.net/images/goods_img/20210824/2083477/2083477_1_500.jpg,10,collar,summer
216,https://store.musinsa.com/app/goods/2074358,엠유스포츠,레이스콤비 이중에리 티셔츠 MU21522TL02-PIN,"258,000",,https://image.msscdn.net/images/goods_img/20210820/2074358/2074358_1_500.jpg,10,collar,summer
217,https://store.musinsa.com/app/goods/2053211,헤일리,여성 골프웨어 MESH 변형 헤라시 니트 핑크 HU-TT1002PK,"199,000",,https://image.msscdn.net/images/goods_img/20210809/2053211/2053211_1_500.jpg,10,collar,summer
218,https://store.musinsa.com/app/goods/1520317,글리머,302-ADP 메쉬 폴로 반팔셔츠 핑크,"14,000","12,900",https://image.msscdn.net/images/goods_img/20200720/1520317/1520317_1_500.jpg,10,collar,summer
219,https://store.musinsa.com/app/goods/2029702,글렌뮤어,g.Harlow 여성 골프 퍼포먼스 피케 폴로 셔츠-Magenta Navy silver,"245,000","196,000",https://image.msscdn.net/images/goods_img/20210714/2029702/2029702_1_500.jpg,10,collar,summer
220,https://store.musinsa.com/app/goods/1495135,더 스튜디오 케이,20SS 캡슐 SWEET 볼륨 피케 티셔츠_핑크,"99,000",,https://image.msscdn.net/images/goods_img/20200623/1495135/1495135_1_500.jpg,10,collar,summer
221,https://store.musinsa.com/app/goods/1362941,바이얼민스,로고와펜 벨벳 피케 셔츠 (핑크),"59,000","35,400",https://image.msscdn.net/images/goods_img/20200323/1362941/1362941_1_500.jpg,10,collar,summer
222,https://store.musinsa.com/app/goods/1809736,네버마인드올,유로 엠큐 심플 숄더 웰딩 포인트티_HP,"124,000",,https://image.msscdn.net/images/goods_img/20210223/1809736/1809736_1_500.jpg,10,collar,summer
223,https://store.musinsa.com/app/goods/1798741,네버마인드올,펀칭 커버라인 업 티셔츠_PK,"169,000",,https://image.msscdn.net/images/goods_img/20210217/1798741/1798741_1_500.jpg,10,collar,spring
224,https://store.musinsa.com/app/goods/1797801,네버마인드올,웨이브 인사이드 슬리브리스_PK,"149,000",,https://image.msscdn.net/images/goods_img/20210217/1797801/1797801_1_500.jpg,10,collar,summer
225,https://store.musinsa.com/app/goods/1964665,더 스튜디오 케이,페시네이팅 탑_핑크,"69,000",,https://image.msscdn.net/images/goods_img/20210524/1964665/1964665_1_500.jpg,10,collar,summer
226,https://store.musinsa.com/app/goods/1913904,빈폴골프,남성 핑크 블록 스트라이프 칼라 티셔츠 (BJ1441B12X),"199,000","139,300",https://image.msscdn.net/images/goods_img/20210421/1913904/1913904_2_500.jpg,10,collar,summer
227,https://store.musinsa.com/app/goods/1856950,빈폴골프,여성 핑크 와펜 피케 칼라 티셔츠 (BJ1342OA3X),"129,000","90,300",https://image.msscdn.net/images/goods_img/20210322/1856950/1856950_2_500.jpg,10,collar,summer
228,https://store.musinsa.com/app/goods/1986473,이올로,한스 카라_핑크,"98,000",,https://image.msscdn.net/images/goods_img/20210607/1986473/1986473_1_500.jpg,10,collar,spring
229,https://store.musinsa.com/app/goods/2053196,헤일리,여성 골프웨어 스텐다드 핏 솔리드 기본 카라 티셔츠 핑크 HU-KT1012PK,"106,000",,https://image.msscdn.net/images/goods_img/20210809/2053196/2053196_1_500.jpg,10,collar,summer
230,https://store.musinsa.com/app/goods/2009161,그리디어스,홀스 아이라인 반복 폴로 셔츠,"245,000",,https://image.msscdn.net/images/goods_img/20210624/2009161/2009161_2_500.jpg,10,collar,winter
231,https://store.musinsa.com/app/goods/1065745,일일오구스튜디오,MH10 BIAS STRIPE PIQUE SHIRT_PK,"62,000","43,400",https://image.msscdn.net/images/goods_img/20190606/1065745/1065745_1_500.jpg,10,collar,fall
232,https://store.musinsa.com/app/goods/2013592,에이본,MW712 tem button linen collar t pink,"49,000",,https://image.msscdn.net/images/goods_img/20210629/2013592/2013592_1_500.jpg,10,collar,fall
233,https://store.musinsa.com/app/goods/1962765,마크앤로나,RICH AND FAMOUS PATTERN POLO SS,"398,000",,https://image.msscdn.net/images/goods_img/20210522/1962765/1962765_1_500.jpg,10,collar,summer
234,https://store.musinsa.com/app/goods/1848795,폴로 랄프 로렌,커스텀 슬림핏 메시 폴로 셔츠 - 핑크,"149,000",,https://image.msscdn.net/images/goods_img/20210317/1848795/1848795_1_500.jpg,10,collar,summer
235,https://store.musinsa.com/app/goods/1825769,이올로,수피마 카라_핑크,"158,000",,https://image.msscdn.net/images/goods_img/20210304/1825769/1825769_1_500.jpg,10,collar,spring
236,https://store.musinsa.com/app/goods/1899388,폴로 랄프 로렌,[우먼즈] 슬림핏 스트레치 폴로 셔츠 - 핑크,"149,000",,https://image.msscdn.net/images/goods_img/20210414/1899388/1899388_1_500.jpg,10,collar,summer
237,https://store.musinsa.com/app/goods/1893256,이올로,빈티지60 하프카라_핑크,"178,000",,https://image.msscdn.net/images/goods_img/20210412/1893256/1893256_1_500.jpg,10,collar,summer
238,https://store.musinsa.com/app/goods/2117645,뎁,크롭트 스트라이프 럭비 티셔츠_PK[DDCMB2005M],"89,000",,https://image.msscdn.net/images/goods_img/20210908/2117645/2117645_1_500.jpg,10,collar,spring
239,https://store.musinsa.com/app/goods/1872476,빈폴골프,남성 핑크 레터링 로고 프린트 칼라 티셔츠 (BJ1442B73X),"199,000","139,300",https://image.msscdn.net/images/goods_img/20210331/1872476/1872476_2_500.jpg,10,collar,summer
240,https://store.musinsa.com/app/goods/2177241,클리브랜드 골프,레이온 기모 라인 배색 트임카라 여성 긴팔티셔츠_CGKWTS163R1PK,"118,000","63,500",https://image.msscdn.net/images/goods_img/20211014/2177241/2177241_1_500.jpg,10,collar,winter
241,https://store.musinsa.com/app/goods/2082018,말본 골프,M로고 폴로 티셔츠 PINK,"209,000",,https://image.msscdn.net/images/goods_img/20210823/2082018/2082018_1_500.jpg,10,collar,spring
242,https://store.musinsa.com/app/goods/2189818,제이린드버그,[Women] 엘렌 롱 슬리브 소프트 브러시트 져지,"315,000",,https://image.msscdn.net/images/goods_img/20211020/2189818/2189818_1_500.jpg,10,collar,spring
243,https://store.musinsa.com/app/goods/1968324,간트,DI32110145 2052028 선페이디드피케,"128,000","64,000",https://image.msscdn.net/images/goods_img/20210526/1968324/1968324_1_500.jpg,10,collar,summer
244,https://store.musinsa.com/app/goods/1834992,간트,DG72110106 2025043 서프 헤비 러거 SS PINK,"198,000","99,000",https://image.msscdn.net/images/goods_img/20210309/1834992/1834992_1_500.jpg,10,collar,summer
245,https://store.musinsa.com/app/goods/1867713,간트,DG72110049 2201 오리지날 피케 러거 SS PINK,"108,000","54,000",https://image.msscdn.net/images/goods_img/20210329/1867713/1867713_1_500.jpg,10,collar,fall
246,https://store.musinsa.com/app/goods/1848809,폴로 랄프 로렌,커스텀 슬림핏 메시 폴로 셔츠 - 핑크,"149,000",,https://image.msscdn.net/images/goods_img/20210317/1848809/1848809_1_500.jpg,10,collar,summer
247,https://store.musinsa.com/app/goods/2187649,말본 골프,블랙 라벨 티셔츠 PINK,"299,000",,https://image.msscdn.net/images/goods_img/20211019/2187649/2187649_1_500.jpg,10,collar,fall
248,https://store.musinsa.com/app/goods/2126783,네버마인드올,메종 크로스레벨 티셔츠_PK,"178,000",,https://image.msscdn.net/images/goods_img/20210913/2126783/2126783_1_500.jpg,10,collar,summer
249,https://store.musinsa.com/app/goods/2229309,투에니스홀,YOKO 에리 웰딩 하프집업 티셔츠 [PINK],"155,000","124,000",https://image.msscdn.net/images/goods_img/20211112/2229309/2229309_1_500.jpg,10,collar,spring
250,https://store.musinsa.com/app/goods/1866584,소셜그린클럽,Color Polo Knit Pink,"109,000",,https://image.msscdn.net/images/goods_img/20210327/1866584/1866584_2_500.jpg,10,collar,summer
251,https://store.musinsa.com/app/goods/1821125,샤인온유,체크 패턴 카라 탑,"98,000",,https://image.msscdn.net/images/goods_img/20210302/1821125/1821125_1_500.jpg,10,collar,fall
252,https://store.musinsa.com/app/goods/1864279,몽클레어,(8A70200 84667 510) 여성 MAGLIA 폴로 반팔 티셔츠 21SS,"310,000",,https://image.msscdn.net/images/goods_img/20210325/1864279/1864279_1_500.jpg,10,collar,fall
253,https://store.musinsa.com/app/goods/1577764,겐조,(2TO749 981 33) 여성 타이거 카라 반팔 티셔츠,"70,000",,https://image.msscdn.net/images/goods_img/20200901/1577764/1577764_1_500.jpg,10,collar,spring
254,https://store.musinsa.com/app/goods/1848261,스톤아일랜드,(741522S67 V0082) 남성 폴로 반팔 티셔츠 21SS,"235,000",,https://image.msscdn.net/images/goods_img/20210316/1848261/1848261_1_500.jpg,10,collar,spring
255,https://store.musinsa.com/app/goods/2115571,왁,여성 시그니처 폴로 긴팔티셔츠_WWTBW21701PIX,"150,000",,https://image.msscdn.net/images/goods_img/20210908/2115571/2115571_1_500.jpg,10,collar,summer
256,https://store.musinsa.com/app/goods/1520293,프린트스타,195-BYP 레이어드 반팔셔츠 핑크/핫핑크,"18,000","16,900",https://image.msscdn.net/images/goods_img/20200720/1520293/1520293_1_500.jpg,10,collar,spring
257,https://store.musinsa.com/app/goods/1883729,폴로 랄프 로렌,[우먼즈] 클래식 핏 The Earth Polo 셔츠 - 핑크,"159,000",,https://image.msscdn.net/images/goods_img/20210406/1883729/1883729_1_500.jpg,10,collar,summer
258,https://store.musinsa.com/app/goods/2059563,올젠,리플 티에리 긴팔 스웨터_PK,"138,000","39,900",https://image.msscdn.net/images/goods_img/20210812/2059563/2059563_1_500.jpg,10,collar,summer
259,https://store.musinsa.com/app/goods/2185718,헤지스골프,[Online Limited] 핑크 가슴 보더 두잉 카라 티셔츠 (HUTS1D913P3),"158,000",,https://image.msscdn.net/images/goods_img/20211019/2185718/2185718_1_500.jpg,10,collar,summer
260,https://store.musinsa.com/app/goods/2246558,엠지엠지 스튜디오,alpaca holiday shirt_pink red,"147,000",,https://image.msscdn.net/images/goods_img/20211124/2246558/2246558_1_500.jpg,10,collar,summer
261,https://store.musinsa.com/app/goods/1922471,닉앤니콜,크롭 오픈 카라 니트_핑크,"74,000","59,200",https://image.msscdn.net/images/goods_img/20210427/1922471/1922471_1_500.jpg,10,collar,summer
262,https://store.musinsa.com/app/goods/1825533,아조바이아조,Stripe Oversized Polo Shirt [Pink],"99,000","69,300",https://image.msscdn.net/images/goods_img/20210304/1825533/1825533_1_500.jpg,10,collar,summer
263,https://store.musinsa.com/app/goods/1969411,미미카위,COLOR BLOCK 니트 탑/핑크,"59,000","47,200",https://image.msscdn.net/images/goods_img/20210526/1969411/1969411_1_500.jpg,10,collar,summer
264,https://store.musinsa.com/app/goods/1771058,인스턴트펑크,21SS 스트라이프 크롭 폴로 셔츠 - 핑크,"108,000",,https://image.msscdn.net/images/goods_img/20210201/1771058/1771058_2_500.jpg,10,collar,summer
265,https://store.musinsa.com/app/goods/2059623,올젠,리플 티에리 카라 티셔츠_PK,"108,000","24,900",https://image.msscdn.net/images/goods_img/20210812/2059623/2059623_1_500.jpg,10,collar,summer
266,https://store.musinsa.com/app/goods/2082027,말본 골프,탐슨 버킷 크롭 폴로 티셔츠 PINK,"239,000",,https://image.msscdn.net/images/goods_img/20210823/2082027/2082027_1_500.jpg,10,collar,spring
267,https://store.musinsa.com/app/goods/1895547,아디다스,폴로 티 - 핑크 / H56470,"49,000","14,900",https://image.msscdn.net/images/goods_img/20210413/1895547/1895547_2_500.jpg,10,collar,spring
268,https://store.musinsa.com/app/goods/2028444,르꼬끄 골프,남성 시그니처 디자인 패턴 반팔티셔츠 (GM321MTS77),"198,000",,https://image.msscdn.net/images/goods_img/20210714/2028444/2028444_2_500.jpg,10,collar,spring
269,https://store.musinsa.com/app/goods/1016907,블랭크룸,피그먼트 다이 카라 티_코랄 오렌지,"49,000",,https://image.msscdn.net/images/goods_img/20190417/1016907/1016907_1_500.jpg,12,collar,spring
270,https://store.musinsa.com/app/goods/560582,프레시 안티 유스,Soccer Jersey  - Orange,"55,000","49,500",https://image.msscdn.net/images/goods_img/20170519/560582/560582_1_500.jpg,12,collar,fall
271,https://store.musinsa.com/app/goods/1557826,마크 곤잘레스,카라 롱슬리브 오렌지,"69,000","48,300",https://image.msscdn.net/images/goods_img/20200820/1557826/1557826_3_500.jpg,12,collar,spring
272,https://store.musinsa.com/app/goods/966299,[클리어런스],GH Airline Rugby Shirt Orange G9S2T515_34,"78,000","22,900",https://image.msscdn.net/images/goods_img/20190226/966299/966299_1_500.jpg,12,collar,fall
273,https://store.musinsa.com/app/goods/1955316,드베르망,솔리드 메쉬 오픈 카라 니트 (orange),"69,000",,https://image.msscdn.net/images/goods_img/20210518/1955316/1955316_1_500.jpg,12,collar,fall
274,https://store.musinsa.com/app/goods/1811501,잭니클라우스,남성 솔리드 폴로넥 스웨터_LNWAS21011ORX,"218,000","109,000",https://image.msscdn.net/images/goods_img/20210224/1811501/1811501_1_500.jpg,12,collar,spring
275,https://store.musinsa.com/app/goods/2101507,간트,DI32120005 2005063 스트라이프 헤비 러거 ORANGE,"218,000","109,000",https://image.msscdn.net/images/goods_img/20210831/2101507/2101507_1_500.jpg,12,collar,spring
276,https://store.musinsa.com/app/goods/1848804,폴로 랄프 로렌,커스텀 슬림핏 메시 폴로 셔츠 - 오렌지,"149,000",,https://image.msscdn.net/images/goods_img/20210317/1848804/1848804_1_500.jpg,12,collar,spring
277,https://store.musinsa.com/app/goods/2100282,코닥,에센셜 스트라이프 폴로티셔츠 ORANGE,"109,000",,https://image.msscdn.net/images/goods_img/20210831/2100282/2100282_1_500.jpg,12,collar,spring
278,https://store.musinsa.com/app/goods/2277748,스톤아일랜드,20SS 자수 로고 카라 티셔츠 스칼렛 721522S67 V0037,"208,950",,https://image.msscdn.net/images/goods_img/20211222/2277748/2277748_1_500.jpg,12,collar,spring
279,https://store.musinsa.com/app/goods/1911228,피지컬 에듀케이션 디파트먼트,P.E.DEPT® RUGBY SHIRT ORANGE SS ORANGE,"69,000","48,300",https://image.msscdn.net/images/goods_img/20210420/1911228/1911228_1_500.jpg,12,collar,spring
280,https://store.musinsa.com/app/goods/2276025,씨피 컴퍼니,11주년 로고 PK 폴로 배색 반팔티 코랄 T02464 450,"82,950",,https://image.msscdn.net/images/goods_img/20211221/2276025/2276025_1_500.jpg,12,collar,spring
281,https://store.musinsa.com/app/goods/1018902,그레이휴,gh Parody Logo SSLV Polo orange G9M4T541 34,"48,000","13,900",https://image.msscdn.net/images/goods_img/20190418/1018902/1018902_1_500.jpg,12,collar,fall
282,https://store.musinsa.com/app/goods/1009984,[클리어런스],Towel Crest SSLV Polo dark orange G9M4T539 35,"58,000","16,900",https://image.msscdn.net/images/goods_img/20190410/1009984/1009984_1_500.jpg,12,collar,fall
283,https://store.musinsa.com/app/goods/1359730,위캔더스,PIERROT SS POLO SHIRT (MINT),"69,000","48,300",https://image.msscdn.net/images/goods_img/20200319/1359730/1359730_1_500.jpg,12,collar,summer
284,https://store.musinsa.com/app/goods/1447717,아코스튜디오스페이스,AQO GRADATION PIQUE T-SHIRTS ORANGE,"59,000",,https://image.msscdn.net/images/goods_img/20200515/1447717/1447717_1_500.jpg,12,collar,fall
285,https://store.musinsa.com/app/goods/1816098,사운즈라이프,[SS21] Polo Shirt Big Boy Fit Orange,"79,000",,https://image.msscdn.net/images/goods_img/20210225/1816098/1816098_3_500.jpg,12,collar,fall
286,https://store.musinsa.com/app/goods/1520314,글리머,302-ADP 메쉬 폴로 반팔셔츠 오렌지,"14,000","12,900",https://image.msscdn.net/images/goods_img/20200720/1520314/1520314_1_500.jpg,12,collar,spring
287,https://store.musinsa.com/app/goods/1730050,빈폴골프,[NDL라인] 남성 오렌지 빅로고 시그니처 칼라 티셔츠 (BJ0742M428),"199,000","139,300",https://image.msscdn.net/images/goods_img/20201223/1730050/1730050_1_500.jpg,12,collar,spring
288,https://store.musinsa.com/app/goods/1729241,빈폴골프,[NDL라인] 여성 오렌지 버티컬 블록 칼라 티셔츠 (BJ0742L428),"179,000","125,300",https://image.msscdn.net/images/goods_img/20201223/1729241/1729241_1_500.jpg,12,collar,spring
289,https://store.musinsa.com/app/goods/1475890,프로월드컵,여성 폴로 카라 반팔 티셔츠 Q218-3422-1(ZO),"22,000",,https://image.msscdn.net/images/goods_img/20200608/1475890/1475890_1_500.jpg,12,collar,spring
290,https://store.musinsa.com/app/goods/938861,써치410,FRONT LINE RUGBY T-SHIRT_ORANGE,"52,000","41,600",https://image.msscdn.net/images/goods_img/20190123/938861/938861_1_500.jpg,12,collar,spring
291,https://store.musinsa.com/app/goods/2016483,그리디어스,홀스 아이 컬라이더스콥 폴로 셔츠,"245,000",,https://image.msscdn.net/images/goods_img/20210701/2016483/2016483_1_500.jpg,12,collar,summer
292,https://store.musinsa.com/app/goods/1520268,프린트스타,141-NVP 피케 폴로 반팔셔츠 오렌지,"17,000","16,900",https://image.msscdn.net/images/goods_img/20200720/1520268/1520268_1_500.jpg,12,collar,spring
293,https://store.musinsa.com/app/goods/1729239,빈폴골프,[NDL라인] 여성 오렌지 솔리드 메쉬 칼라 티셔츠 (BJ0742L408),"179,000","96,660",https://image.msscdn.net/images/goods_img/20201223/1729239/1729239_1_500.jpg,12,collar,spring
294,https://store.musinsa.com/app/goods/1946311,폴로 랄프 로렌,[우먼즈] 슬림핏 스트레치 메시 폴로 - 오렌지,"149,000",,https://image.msscdn.net/images/goods_img/20210512/1946311/1946311_3_500.jpg,12,collar,spring
295,https://store.musinsa.com/app/goods/1899387,폴로 랄프 로렌,[우먼즈] 슬림핏 스트레치 폴로 셔츠 - 오렌지,"149,000",,https://image.msscdn.net/images/goods_img/20210414/1899387/1899387_1_500.jpg,12,collar,spring
296,https://store.musinsa.com/app/goods/2142293,빈폴골프,남성 오렌지 레터링 프린팅 칼라 티셔츠 (BJ1941B078),"219,000","153,300",https://image.msscdn.net/images/goods_img/20210923/2142293/2142293_1_500.jpg,12,collar,spring
297,https://store.musinsa.com/app/goods/1968326,간트,DI32110145 2052028 선페이디드피케,"128,000","64,000",https://image.msscdn.net/images/goods_img/20210526/1968326/1968326_1_500.jpg,12,collar,spring
298,https://store.musinsa.com/app/goods/1968346,간트,DG72110054 2012066 SS 텍스쳐 슬림 러거,"158,000","79,000",https://image.msscdn.net/images/goods_img/20210526/1968346/1968346_1_500.jpg,12,collar,fall
299,https://store.musinsa.com/app/goods/1968353,간트,DG72110064 2201 SS 오리지날 피케 러거,"108,000","54,000",https://image.msscdn.net/images/goods_img/20210526/1968353/1968353_1_500.jpg,12,collar,spring
300,https://store.musinsa.com/app/goods/2069001,씨피 컴퍼니,자수로고 패치 10CMPL067A 005263W 468,"93,000",,https://image.msscdn.net/images/goods_img/20210818/2069001/2069001_1_500.jpg,12,collar,spring
301,https://store.musinsa.com/app/goods/1984297,씨피 컴퍼니,패치로고 PK티셔츠 10CMPL069A 005527S 468,"135,000",,https://image.msscdn.net/images/goods_img/20210604/1984297/1984297_1_500.jpg,12,collar,fall
302,https://store.musinsa.com/app/goods/1879692,몽클레어,(8A72400 84673 326) 여성 폴로 반팔 티셔츠 21SS,"327,000",,https://image.msscdn.net/images/goods_img/20210405/1879692/1879692_1_500.jpg,12,collar,spring
303,https://store.musinsa.com/app/goods/1825768,이올로,수피마 카라_오렌지,"158,000",,https://image.msscdn.net/images/goods_img/20210304/1825768/1825768_1_500.jpg,12,collar,spring
304,https://store.musinsa.com/app/goods/1848805,폴로 랄프 로렌,커스텀 슬림핏 메시 폴로 셔츠 - 오렌지,"149,000",,https://image.msscdn.net/images/goods_img/20210317/1848805/1848805_1_500.jpg,12,collar,spring
305,https://store.musinsa.com/app/goods/1567371,아이아이,STRING DETAIL RUGBY T-SHIRT_D/ORANGE (EETZ3RLR01W),"139,000",,https://image.msscdn.net/images/goods_img/20200827/1567371/1567371_1_500.jpg,12,collar,fall
306,https://store.musinsa.com/app/goods/2298513,테일러메이드 어패럴,남성 비대칭 배색 카라 반팔티셔츠 TMTYK2907-203,"219,000","153,300",https://image.msscdn.net/images/goods_img/20220107/2298513/2298513_1_500.jpg,9,collar,fall
307,https://store.musinsa.com/app/goods/2297498,테일러메이드 어패럴,여성 카라 포인트 민소매 티셔츠 TWTYJ6946-204,"219,000","131,400",https://image.msscdn.net/images/goods_img/20220107/2297498/2297498_1_500.jpg,9,collar,spring
308,https://store.musinsa.com/app/goods/1005762,슬로우서비스,SLS PLAIN PK KNIT - YELLOW,"59,000","23,600",https://image.msscdn.net/images/goods_img/20190404/1005762/1005762_1_500.jpg,9,collar,spring
309,https://store.musinsa.com/app/goods/2046651,엠엠엘지,[Mmlg] M BORDER RUGBY SHIRT (YELLOW),"72,000","50,400",https://image.msscdn.net/images/goods_img/20210802/2046651/2046651_1_500.jpg,9,collar,spring
310,https://store.musinsa.com/app/goods/1814896,무신사 스탠다드,우먼즈 슬릿 넥 니티드 폴로 셔츠 [레몬 크림],"43,900",,https://image.msscdn.net/images/goods_img/20210225/1814896/1814896_2_500.jpg,9,collar,spring
311,https://store.musinsa.com/app/goods/1376321,플랙,MINO YOON MENS BLOCK STRIPE SHORTS SLEEVE COLLAR T-SHIRTS_YE (PWTZ2RSL50MOYE),"69,000","62,100",https://image.msscdn.net/images/goods_img/20200401/1376321/1376321_2_500.jpg,9,collar,summer
312,https://store.musinsa.com/app/goods/1798872,네버마인드올,디바이드 어스컴 카라티_YE,"147,000",,https://image.msscdn.net/images/goods_img/20210217/1798872/1798872_1_500.jpg,9,collar,spring
313,https://store.musinsa.com/app/goods/1386969,배드인배드,BACK POCKET POLO JERSEY_LIME YELLOW,"58,000","23,200",https://image.msscdn.net/images/goods_img/20200406/1386969/1386969_1_500.jpg,9,collar,spring
314,https://store.musinsa.com/app/goods/1848802,폴로 랄프 로렌,커스텀 슬림핏 메시 폴로 셔츠 - 옐로우,"149,000",,https://image.msscdn.net/images/goods_img/20210317/1848802/1848802_1_500.jpg,9,collar,spring
315,https://store.musinsa.com/app/goods/1870179,왓에버위원트,MULTI PATTERN POLO KNIT [YELLOW],"95,000",,https://image.msscdn.net/images/goods_img/20210330/1870179/1870179_1_500.jpg,9,collar,spring
316,https://store.musinsa.com/app/goods/1042517,써치410,MIXCOLOR PK T_YELLOW,"42,000","33,600",https://image.msscdn.net/images/goods_img/20190513/1042517/1042517_1_500.jpg,9,collar,spring
317,https://store.musinsa.com/app/goods/1944807,더 파머,유니 더파머 레귤러핏 카라티(옐로우)_GMM1KL01YE,"99,000","74,250",https://image.msscdn.net/images/goods_img/20210511/1944807/1944807_1_500.jpg,9,collar,spring
318,https://store.musinsa.com/app/goods/1474562,펠스파브룩,트루핏 하프 폴로셔츠[CHARTREUSE],"59,000","29,500",https://image.msscdn.net/images/goods_img/20200605/1474562/1474562_1_500.jpg,9,collar,fall
319,https://store.musinsa.com/app/goods/1985709,유앤엘씨,쿨 썸머 워셔블 오픈 카라니트(Yellow),"45,000",,https://image.msscdn.net/images/goods_img/20210607/1985709/1985709_1_500.jpg,9,collar,spring
320,https://store.musinsa.com/app/goods/1026442,밸런스우드,BW-S3-TS206-3C (YELLOW),"43,000","32,000",https://image.msscdn.net/images/goods_img/20190424/1026442/1026442_1_500.jpg,9,collar,summer
321,https://store.musinsa.com/app/goods/1965360,퍼스텝,브로든 피그먼트 카라반팔 겨자 SMST4416,"33,900","32,200",https://image.msscdn.net/images/goods_img/20210525/1965360/1965360_2_500.jpg,9,collar,fall
322,https://store.musinsa.com/app/goods/1520305,글리머,302-ADP 메쉬 폴로 반팔셔츠 데이지,"14,000","12,900",https://image.msscdn.net/images/goods_img/20200720/1520305/1520305_1_500.jpg,9,collar,spring
323,https://store.musinsa.com/app/goods/1968337,간트,DG72110060 2022001 SS 바스트라이프 러거,"138,000","69,000",https://image.msscdn.net/images/goods_img/20210526/1968337/1968337_1_500.jpg,9,collar,spring
324,https://store.musinsa.com/app/goods/1520755,글리머,330-AVP 포켓 폴로 반팔셔츠 데이지,"14,000","12,900",https://image.msscdn.net/images/goods_img/20200720/1520755/1520755_1_500.jpg,9,collar,spring
325,https://store.musinsa.com/app/goods/2128908,네버마인드올,숄더 언발블러킹 티셔츠_YE,"159,000",,https://image.msscdn.net/images/goods_img/20210914/2128908/2128908_1_500.jpg,9,collar,spring
326,https://store.musinsa.com/app/goods/1520263,프린트스타,141-NVP 피케 폴로 반팔셔츠 데이지,"17,000","16,900",https://image.msscdn.net/images/goods_img/20200720/1520263/1520263_1_500.jpg,9,collar,spring
327,https://store.musinsa.com/app/goods/2153183,빈폴골프,여성 옐로우 스퀘어 기모 칼라 티셔츠 (BJ1941A72E),"199,000","139,300",https://image.msscdn.net/images/goods_img/20210929/2153183/2153183_1_500.jpg,9,collar,fall
328,https://store.musinsa.com/app/goods/1881920,헤리토리골프,여성 와펜 포인트 티셔츠_MGWASTM3221,"139,000","12,000",https://image.msscdn.net/images/goods_img/20210406/1881920/1881920_1_500.jpg,9,collar,spring
329,https://store.musinsa.com/app/goods/2042233,데르하,이탈리안칼라 피케 셔츠 옐로우,"49,000","44,100",https://image.msscdn.net/images/goods_img/20210728/2042233/2042233_1_500.jpg,9,collar,fall
330,https://store.musinsa.com/app/goods/2053195,헤일리,여성 골프웨어 스텐다드 핏 솔리드 기본 카라 티셔츠 옐로우 HU-KT1012YW,"106,000",,https://image.msscdn.net/images/goods_img/20210809/2053195/2053195_1_500.jpg,9,collar,spring
331,https://store.musinsa.com/app/goods/2053208,헤일리,여성 골프웨어 5부 소매 니트 옐로우 HU-TT1003YW,"199,000",,https://image.msscdn.net/images/goods_img/20210809/2053208/2053208_1_500.jpg,9,collar,spring
332,https://store.musinsa.com/app/goods/2047639,디아도라,5 BALL 베이직 폴로티 YELLOW,"99,000",,https://image.msscdn.net/images/goods_img/20210803/2047639/2047639_2_500.jpg,9,collar,spring
333,https://store.musinsa.com/app/goods/624776,구김스 컴퍼니,158YE_플라이 폴로 피케 긴팔카라티셔츠 (G10FMKT158),"69,000",,https://image.msscdn.net/images/goods_img/20170905/624776/624776_2_500.jpg,9,collar,spring
334,https://store.musinsa.com/app/goods/1592069,빈폴 멘,[890311] 옐로우 스포티 하프 집업 티셔츠 (BC0841S25E),"199,000","95,000",https://image.msscdn.net/images/goods_img/20200909/1592069/1592069_3_500.jpg,9,collar,spring
335,https://store.musinsa.com/app/goods/845528,엔오티,OVERSIZED RUGBY SHIRTS(옐로우),"138,000",,https://image.msscdn.net/images/goods_img/20180903/845528/845528_1_500.jpg,9,collar,spring
336,https://store.musinsa.com/app/goods/1881894,헤리토리골프,남성 스트라이프 포인트 반팔티셔츠_MGMASTM3301,"159,000","13,000",https://image.msscdn.net/images/goods_img/20210406/1881894/1881894_4_500.jpg,9,collar,spring
337,https://store.musinsa.com/app/goods/1389021,소윙바운더리스,CROP COLLAR KNIT (YELLOW),"98,000","78,400",https://image.msscdn.net/images/goods_img/20200407/1389021/1389021_1_500.jpg,9,collar,summer
338,https://store.musinsa.com/app/goods/1806726,스릭슨,사선 절개 포인트 카라 티셔츠 SR21122TS58-YEL,"218,000","152,600",https://image.msscdn.net/images/goods_img/20210222/1806726/1806726_1_500.jpg,9,collar,fall
339,https://store.musinsa.com/app/goods/1086319,인터브리드,Pile Resort Polo Yellow,"159,000","111,300",https://image.msscdn.net/images/goods_img/20190629/1086319/1086319_1_500.jpg,9,collar,spring
340,https://store.musinsa.com/app/goods/723886,블랭크,STRIPE BOXY T-YL,"108,000","27,000",https://image.msscdn.net/images/goods_img/20180226/723886/723886_1_500.jpg,9,collar,spring
341,https://store.musinsa.com/app/goods/1520703,글리머,313-ABN 드라이 폴로 반팔셔츠 데이지,"17,000","15,900",https://image.msscdn.net/images/goods_img/20200720/1520703/1520703_1_500.jpg,9,collar,spring
342,https://store.musinsa.com/app/goods/1048640,미미카위,DOLLS ONLY 로고 카라 티/옐로우,"59,000","41,300",https://image.msscdn.net/images/goods_img/20190517/1048640/1048640_1_500.jpg,9,collar,spring
343,https://store.musinsa.com/app/goods/1447965,와이즈,하프 집업 카라 티 (레몬),"45,000","30,500",https://image.msscdn.net/images/goods_img/20200515/1447965/1447965_2_500.jpg,9,collar,summer
344,https://store.musinsa.com/app/goods/1094673,[클리어런스],19S/S 유틸리티 사선 지퍼 포켓 카라티 머스타드,"69,000","20,900",https://image.msscdn.net/images/goods_img/20190712/1094673/1094673_1_500.jpg,9,collar,fall
345,https://store.musinsa.com/app/goods/1520773,글리머,331-ABP 버튼다운 폴로 반팔셔츠 데이지,"17,000","15,900",https://image.msscdn.net/images/goods_img/20200720/1520773/1520773_1_500.jpg,9,collar,spring
346,https://store.musinsa.com/app/goods/1940041,제이린드버그,[Men] 히스 레귤러 핏 골프 폴로 셔츠 2103347493090005,"255,000","204,000",https://image.msscdn.net/images/goods_img/20210507/1940041/1940041_1_500.jpg,9,collar,spring
347,https://store.musinsa.com/app/goods/1994581,스토레츠,Zoey Collar Trim Oversized Shirt,"62,000","55,800",https://image.msscdn.net/images/goods_img/20210614/1994581/1994581_1_500.jpg,9,collar,spring
348,https://store.musinsa.com/app/goods/1095030,[클리어런스],19S/S 유틸리티 탄창 포켓 카라티 머스타드,"69,000","20,900",https://image.msscdn.net/images/goods_img/20190712/1095030/1095030_1_500.jpg,9,collar,fall
349,https://store.musinsa.com/app/goods/1886024,후머,남성 피케 반팔 셔츠_YELLOW,"172,000",,https://image.msscdn.net/images/goods_img/20210407/1886024/1886024_1_500.jpg,9,collar,spring
350,https://store.musinsa.com/app/goods/1337411,메버릭,니트 코튼 폴로 카라티 옐로우,"78,000",,https://image.msscdn.net/images/goods_img/20200305/1337411/1337411_1_500.jpg,9,collar,spring
351,https://store.musinsa.com/app/goods/1468560,덕스,ENERGY BOWLING SHIRTS YELLOW,"79,000",,https://image.msscdn.net/images/goods_img/20200531/1468560/1468560_1_500.jpg,9,collar,spring
352,https://store.musinsa.com/app/goods/1708586,챔피온 아시아,[ASIA] Small 로고 카라 반팔 티셔츠 (NORMAL YELLOW) CKTS0E321Y2,"67,000","46,900",https://image.msscdn.net/images/goods_img/20201201/1708586/1708586_1_500.jpg,9,collar,spring
353,https://store.musinsa.com/app/goods/1998561,에이본,MW411 rugby stripe collar t-shirts yellow,"53,000",,https://image.msscdn.net/images/goods_img/20210617/1998561/1998561_1_500.jpg,9,collar,spring
354,https://store.musinsa.com/app/goods/1827472,휠라 골프,타공 피케티(FG2TSD2001MPLE),"79,000",,https://image.msscdn.net/images/goods_img/20210304/1827472/1827472_1_500.jpg,9,collar,spring
355,https://store.musinsa.com/app/goods/1848819,폴로 랄프 로렌,커스텀 슬림핏 The Earth Polo 셔츠 - 옐로우,"169,000",,https://image.msscdn.net/images/goods_img/20210317/1848819/1848819_1_500.jpg,9,collar,spring
356,https://store.musinsa.com/app/goods/1834990,간트,DG72110106 2025043 서프 헤비 러거 SS YELLOW,"198,000","99,000",https://image.msscdn.net/images/goods_img/20210309/1834990/1834990_1_500.jpg,9,collar,winter
357,https://store.musinsa.com/app/goods/1867724,간트,DG72110049 2201 오리지날 피케 러거 SS YELLOW,"108,000","54,000",https://image.msscdn.net/images/goods_img/20210329/1867724/1867724_1_500.jpg,9,collar,fall
358,https://store.musinsa.com/app/goods/1062245,프라이하잇,TRIKOT TWO-PIECE TOP (YELLOW),"57,000",,https://image.msscdn.net/images/goods_img/20190603/1062245/1062245_1_500.jpg,9,collar,spring
359,https://store.musinsa.com/app/goods/1899383,폴로 랄프 로렌,[우먼즈] 슬림핏 스트레치 폴로 셔츠 - 옐로우,"149,000",,https://image.msscdn.net/images/goods_img/20210414/1899383/1899383_1_500.jpg,9,collar,spring
360,https://store.musinsa.com/app/goods/1362762,아더월들리,니트 셔츠 [옐로우],"69,000","45,000",https://image.msscdn.net/images/goods_img/20200322/1362762/1362762_2_500.jpg,9,collar,fall
361,https://store.musinsa.com/app/goods/1889177,잭니클라우스,[JN X SFM] 남성 솔리드 포켓 피케 반팔티셔츠_LNTAM21611YEX,"178,000","142,400",https://image.msscdn.net/images/goods_img/20210408/1889177/1889177_1_500.jpg,9,collar,fall
362,https://store.musinsa.com/app/goods/1936604,코닥,뷰파인더 썸머 니트 YELLOW,"169,000","152,100",https://image.msscdn.net/images/goods_img/20210504/1936604/1936604_1_500.jpg,9,collar,spring
363,https://store.musinsa.com/app/goods/1154821,아더월들리,타월 셔츠 [머스타드],"98,000","49,000",https://image.msscdn.net/images/goods_img/20190916/1154821/1154821_1_500.jpg,9,collar,spring
364,https://store.musinsa.com/app/goods/1861772,더 파머,유니 멀티블럭 카라티(멀티)_GMS1KL03ZZ,"119,000","83,300",https://image.msscdn.net/images/goods_img/20210324/1861772/1861772_1_500.jpg,9,collar,fall
365,https://store.musinsa.com/app/goods/1311946,로맨틱크라운,TONE ON TONE POLO SHIRT_YELLOW,"62,000","37,200",https://image.msscdn.net/images/goods_img/20200219/1311946/1311946_1_500.jpg,9,collar,spring
366,https://store.musinsa.com/app/goods/1871199,트렁크프로젝트,Cashmere Polo Sweater_Yellow,"176,000","114,400",https://image.msscdn.net/images/goods_img/20210330/1871199/1871199_1_500.jpg,9,collar,fall
367,https://store.musinsa.com/app/goods/2306825,커버낫,럭비 오버핏 티셔츠 그린,"65,000",,https://image.msscdn.net/images/goods_img/20220113/2306825/2306825_1_500.jpg,6,collar,spring
368,https://store.musinsa.com/app/goods/2307864,루이까스텔,여자 아이루카 엠보 프린트 제원단에리 티셔츠,"156,000","79,000",https://image.msscdn.net/images/goods_img/20220114/2307864/2307864_1_500.jpg,6,collar,spring
369,https://store.musinsa.com/app/goods/2308564,스케이터락,SK8 오버사이즈 럭비 셔츠 그린/네이비,"79,000","71,100",https://image.msscdn.net/images/goods_img/20220114/2308564/2308564_1_500.jpg,6,collar,fall
370,https://store.musinsa.com/app/goods/2311492,컴젠,변형 립조직 카라 풀오버 GREEN NABW0-WSP020_370,"159,000",,https://image.msscdn.net/images/goods_img/20220118/2311492/2311492_1_500.jpg,6,collar,fall
371,https://store.musinsa.com/app/goods/2306502,간트,DG72210022 2022116 RW 피케 SS 러거 GREEN,"168,000","134,400",https://image.msscdn.net/images/goods_img/20220113/2306502/2306502_1_500.jpg,6,collar,spring
372,https://store.musinsa.com/app/goods/2299138,제이린드버그,[Men] 자르모 롱 슬리브 피케 폴로 셔츠,"295,000",,https://image.msscdn.net/images/goods_img/20220110/2299138/2299138_1_500.jpg,6,collar,winter
373,https://store.musinsa.com/app/goods/2053970,1993스튜디오,테리 칼라드 티셔츠_그린,"69,000","55,200",https://image.msscdn.net/images/goods_img/20210809/2053970/2053970_1_500.jpg,6,collar,fall
374,https://store.musinsa.com/app/goods/2289367,에노우,스트라이프 오버사이즈 럭비 티셔츠_그린(EN2CSMT580A),"99,000","79,200",https://image.msscdn.net/images/goods_img/20220103/2289367/2289367_1_500.jpg,6,collar,spring
375,https://store.musinsa.com/app/goods/2227011,앵글런,Wide PK Sweat Shirt - Green,"99,000","84,150",https://image.msscdn.net/images/goods_img/20211111/2227011/2227011_1_500.jpg,6,collar,fall
376,https://store.musinsa.com/app/goods/1986506,아웃스탠딩,OS LOGO COLLAR TEE_GREEN,"48,000","24,000",https://image.msscdn.net/images/goods_img/20210607/1986506/1986506_2_500.jpg,6,collar,fall
377,https://store.musinsa.com/app/goods/1922626,쿠어,오픈 카라 코튼 폴로셔츠 (샌드그린),"60,000","54,000",https://image.msscdn.net/images/goods_img/20210427/1922626/1922626_1_500.jpg,6,collar,spring
378,https://store.musinsa.com/app/goods/1387965,무신사 스탠다드,베이식 피케 폴로 셔츠 [그린],"25,900",,https://image.msscdn.net/images/goods_img/20200407/1387965/1387965_1_500.jpg,6,collar,fall
379,https://store.musinsa.com/app/goods/2074629,리,빅 트위치 럭비 티셔츠 그린,"69,000","48,300",https://image.msscdn.net/images/goods_img/20210820/2074629/2074629_1_500.jpg,6,collar,summer
380,https://store.musinsa.com/app/goods/2097514,챔피온,[US] 로고 캥거루포켓 럭비셔츠 (DARK GREEN) CKTS1F900E3,"106,000","47,700",https://image.msscdn.net/images/goods_img/20210830/2097514/2097514_6_500.jpg,6,collar,fall
381,https://store.musinsa.com/app/goods/1897459,로맨틱크라운,체인 니트 폴로_그린,"62,000","43,400",https://image.msscdn.net/images/goods_img/20210414/1897459/1897459_2_500.jpg,6,collar,winter
382,https://store.musinsa.com/app/goods/1045355,제멋,프리업 린넨 반팔셔츠 포레스트그린 KJSS2197,"33,900",,https://image.msscdn.net/images/goods_img/20190515/1045355/1045355_1_500.jpg,6,collar,spring
383,https://store.musinsa.com/app/goods/2178109,패블러스아카이브,UNISEX 루즈핏 자수 카라맨투맨 그린(FCB3TS323M),"85,000","59,500",https://image.msscdn.net/images/goods_img/20211014/2178109/2178109_2_500.jpg,6,collar,fall
384,https://store.musinsa.com/app/goods/2093545,빈폴 멘,그린 울 칼라 니트 (BC0851O02M),"259,000","163,000",https://image.msscdn.net/images/goods_img/20210827/2093545/2093545_1_500.jpg,6,collar,summer
385,https://store.musinsa.com/app/goods/2046705,엠엠엘지,[Mmlg] MMLG BLOCK RUGBY SHIRT (PALE GREEN),"72,000","36,000",https://image.msscdn.net/images/goods_img/20210802/2046705/2046705_1_500.jpg,6,collar,fall
386,https://store.musinsa.com/app/goods/1007994,비슬로우,19SS PIQUE T SHIRT GREEN,"43,000","17,200",https://image.msscdn.net/images/goods_img/20190408/1007994/1007994_1_500.jpg,6,collar,fall
387,https://store.musinsa.com/app/goods/1935779,더블유브이프로젝트,미니 카라 반팔티셔츠 그린 MJST7497,"28,900","27,400",https://image.msscdn.net/images/goods_img/20210504/1935779/1935779_1_500.jpg,6,collar,fall
388,https://store.musinsa.com/app/goods/1866020,무신사 스탠다드,오픈 칼라 폴로 셔츠 [라이트 그레이],"23,900",,https://image.msscdn.net/images/goods_img/20210326/1866020/1866020_1_500.jpg,6,collar,summer
389,https://store.musinsa.com/app/goods/1116722,[클리어런스],유니섹스 버티컬 스트라이프 크레스트 로고 자수 럭비 티셔츠 D/GREEN G9F9T501_43,"78,000","22,900",https://image.msscdn.net/images/goods_img/20190812/1116722/1116722_2_500.jpg,6,collar,spring
390,https://store.musinsa.com/app/goods/2046652,엠엠엘지,[Mmlg] M BORDER RUGBY SHIRT (GREEN),"72,000","50,400",https://image.msscdn.net/images/goods_img/20210802/2046652/2046652_1_500.jpg,6,collar,fall
391,https://store.musinsa.com/app/goods/2123827,시그니처,폴로 셔츠 니트[그린],"59,000","39,900",https://image.msscdn.net/images/goods_img/20210910/2123827/2123827_1_500.jpg,6,collar,fall
392,https://store.musinsa.com/app/goods/1917284,페플,컴포트 카라 반팔 티셔츠 딥그린 SJST1309,"23,900","22,700",https://image.msscdn.net/images/goods_img/20210423/1917284/1917284_1_500.jpg,6,collar,fall
393,https://store.musinsa.com/app/goods/2175167,칼하트,폴로 반팔티 모스그린 / K570-MOSS,"79,000","43,700",https://image.msscdn.net/images/goods_img/20211013/2175167/2175167_1_500.jpg,6,collar,fall
394,https://store.musinsa.com/app/goods/2153732,니틀리,[Men] 부클레 폴로 니트_Forest Green,"103,000","92,700",https://image.msscdn.net/images/goods_img/20210929/2153732/2153732_1_500.jpg,6,collar,fall
395,https://store.musinsa.com/app/goods/2022824,에잇세컨즈,카키 오픈칼라 반팔 풀오버 셔츠_릴렉스핏 (421765CY1H),"35,900","12,900",https://image.msscdn.net/images/goods_img/20210707/2022824/2022824_1_500.jpg,6,collar,fall
396,https://store.musinsa.com/app/goods/1149809,배드인배드,LOGO SPORT POLO_GREEN,"65,000","26,000",https://image.msscdn.net/images/goods_img/20190910/1149809/1149809_1_500.jpg,6,collar,winter
397,https://store.musinsa.com/app/goods/2036032,프라이데이 나이트 골프 클럽,루즈핏 스트라이프 폴로 반팔티_Unisex(Green),"88,000",,https://image.msscdn.net/images/goods_img/20210721/2036032/2036032_1_500.jpg,6,collar,fall
398,https://store.musinsa.com/app/goods/2235527,에잇세컨즈,라이트 그린 칼라넥 리브조직 긴팔 니트 (321Y51CY1L),"39,900","19,900",https://image.msscdn.net/images/goods_img/20211116/2235527/2235527_1_500.jpg,6,collar,
399,https://store.musinsa.com/app/goods/2175119,피즈,[치즈피즈] UNISEX 그린 타이포로고 자수 카라니트,"139,000","100,080",https://image.msscdn.net/images/goods_img/20211013/2175119/2175119_3_500.jpg,6,collar,summer
400,https://store.musinsa.com/app/goods/2097298,라이풀,니티드 와이드 카라 긴팔 티셔츠 그린 LF1FKN3242,"69,000","48,300",https://image.msscdn.net/images/goods_img/20210830/2097298/2097298_2_500.jpg,6,collar,summer
401,https://store.musinsa.com/app/goods/1546542,빈폴 멘,[GREEN BEANPOLE] 그린 럭비 스트라이프 티셔츠 (BC0841N04M),"139,000","66,000",https://image.msscdn.net/images/goods_img/20200812/1546542/1546542_2_500.jpg,6,collar,summer
402,https://store.musinsa.com/app/goods/1071850,트립르센스,COLOR LINEN PK SHIRTS YELLOW GREEN,"48,000","43,200",https://image.msscdn.net/images/goods_img/20190613/1071850/1071850_1_500.jpg,6,collar,fall
403,https://store.musinsa.com/app/goods/1848812,폴로 랄프 로렌,커스텀 슬림핏 The Earth Polo 셔츠 - 그린,"169,000",,https://image.msscdn.net/images/goods_img/20210317/1848812/1848812_1_500.jpg,6,collar,fall
404,https://store.musinsa.com/app/goods/2053283,에잇세컨즈,그린 스트라이프 칼라 티셔츠 (351842MQ1M),"29,900","12,900",https://image.msscdn.net/images/goods_img/20210809/2053283/2053283_4_500.jpg,6,collar,spring
405,https://store.musinsa.com/app/goods/2063408,프레드페리,M3600 트윈 팁 프레드 페리 셔츠(406)AFPM2013600-406,"118,000",,https://image.msscdn.net/images/goods_img/20210813/2063408/2063408_5_500.jpg,6,collar,fall
406,https://store.musinsa.com/app/goods/2036299,에잇세컨즈,카키 피케 오픈칼라 반팔 티셔츠_릴렉스핏 (421742EY3H),"35,900","12,900",https://image.msscdn.net/images/goods_img/20210721/2036299/2036299_2_500.jpg,6,collar,fall
407,https://store.musinsa.com/app/goods/1520261,프린트스타,141-NVP 피케 폴로 반팔셔츠 그린,"17,000","16,900",https://image.msscdn.net/images/goods_img/20200720/1520261/1520261_1_500.jpg,6,collar,spring
408,https://store.musinsa.com/app/goods/1419354,슬로우애시드,SLOWACIDXTEDDYISLAND 럭비 스트라이프 반팔티 (그린),"45,000",,https://image.msscdn.net/images/goods_img/20200424/1419354/1419354_1_500.jpg,6,collar,spring
409,https://store.musinsa.com/app/goods/1520303,글리머,302-ADP 메쉬 폴로 반팔셔츠 그린,"14,000","12,900",https://image.msscdn.net/images/goods_img/20200720/1520303/1520303_1_500.jpg,6,collar,spring
410,https://store.musinsa.com/app/goods/2022760,에잇세컨즈,그린 오픈칼라 반팔 풀오버_릴렉스핏 (261751CY2M),"35,900","12,900",https://image.msscdn.net/images/goods_img/20210707/2022760/2022760_1_500.jpg,6,collar,fall
411,https://store.musinsa.com/app/goods/1094648,[클리어런스],19S/S 유틸리티 사선 지퍼 포켓 카라티 그린,"69,000","20,900",https://image.msscdn.net/images/goods_img/20190712/1094648/1094648_1_500.jpg,6,collar,fall
412,https://store.musinsa.com/app/goods/1094972,[클리어런스],19S/S 유틸리티 탄창 포켓 카라티 그린,"69,000","20,900",https://image.msscdn.net/images/goods_img/20190712/1094972/1094972_1_500.jpg,6,collar,fall
413,https://store.musinsa.com/app/goods/1827709,골든베어,Hidden Pocket Polo shirt_L4TAM21081GRX,"98,000",,https://image.msscdn.net/images/goods_img/20210304/1827709/1827709_6_500.jpg,6,collar,fall
414,https://store.musinsa.com/app/goods/1917771,로드 존 그레이,string pullover s/s shirts green,"119,000","95,200",https://image.msscdn.net/images/goods_img/20210423/1917771/1917771_1_500.jpg,6,collar,fall
415,https://store.musinsa.com/app/goods/1913419,디어스토커,MERCI T (메르시 티) - GREEN,"32,000","22,400",https://image.msscdn.net/images/goods_img/20210421/1913419/1913419_1_500.jpg,6,collar,fall
416,https://store.musinsa.com/app/goods/1771057,인스턴트펑크,21SS Ms 컬러블럭 PK롱 슬리브 - 그린,"118,000",,https://image.msscdn.net/images/goods_img/20210201/1771057/1771057_2_500.jpg,6,collar,spring
417,https://store.musinsa.com/app/goods/1838830,알엘오엘,(TS-20727) STRIPE COLLAR T-SHIRT GREEN,"73,000","43,800",https://image.msscdn.net/images/goods_img/20210311/1838830/1838830_3_500.jpg,6,collar,fall
418,https://store.musinsa.com/app/goods/1976487,오드스튜디오,유니온 베어 PK 티셔츠 - GREEN,"49,000","29,000",https://image.msscdn.net/images/goods_img/20210531/1976487/1976487_3_500.jpg,6,collar,fall
419,https://store.musinsa.com/app/goods/1042518,써치410,MIXCOLOR PK T_BLUEGREEN,"42,000","33,600",https://image.msscdn.net/images/goods_img/20190513/1042518/1042518_1_500.jpg,6,collar,summer
420,https://store.musinsa.com/app/goods/640954,블랭크,STRIPE RUGBY T-GN,"115,000","23,000",https://image.msscdn.net/images/goods_img/20170922/640954/640954_1_500.jpg,6,collar,fall
421,https://store.musinsa.com/app/goods/2100279,코닥,에센셜 스트라이프 폴로티셔츠 GREEN,"109,000",,https://image.msscdn.net/images/goods_img/20210831/2100279/2100279_1_500.jpg,6,collar,summer
422,https://store.musinsa.com/app/goods/1524837,베러댄88,시제스 오버핏 특양면 카라티셔츠 포레스트 그린,"68,000","47,600",https://image.msscdn.net/images/goods_img/20200723/1524837/1524837_1_500.jpg,6,collar,spring
423,https://store.musinsa.com/app/goods/1001108,스탠아드,카키 돌만 티셔츠,"39,000","15,900",https://image.msscdn.net/images/goods_img/20190401/1001108/1001108_1_500.jpg,6,collar,fall
424,https://store.musinsa.com/app/goods/1848800,폴로 랄프 로렌,커스텀 슬림핏 메시 폴로 셔츠 - 그린,"149,000",,https://image.msscdn.net/images/goods_img/20210317/1848800/1848800_1_500.jpg,6,collar,spring
425,https://store.musinsa.com/app/goods/2263685,제이린드버그,[Women] 바브로 라이트 피케 폴로 셔츠,"204,000",,https://image.msscdn.net/images/goods_img/20211209/2263685/2263685_1_500.jpg,6,collar,summer
426,https://store.musinsa.com/app/goods/1172405,[클리어런스],유니섹스 빈티지로고 스웻 럭비셔츠 GREEN G9WAT550_42,"88,000","25,900",https://image.msscdn.net/images/goods_img/20191001/1172405/1172405_1_500.jpg,6,collar,spring
427,https://store.musinsa.com/app/goods/1454379,베테제,Studio PK Stripe T-Shirts (green),"79,000","39,000",https://image.msscdn.net/images/goods_img/20200520/1454379/1454379_5_500.jpg,6,collar,fall
428,https://store.musinsa.com/app/goods/1115624,로맨틱 파이어리츠,MINIMAL BUTTON PK LONG SLEEVE(WOOF GREEN),"35,500",,https://image.msscdn.net/images/goods_img/20190810/1115624/1115624_2_500.jpg,6,collar,fall
429,https://store.musinsa.com/app/goods/781614,라울,DENIM COLLAR PIQUE SHIRTS GREEN 데님카라 피케셔츠 스트라이프 그린,"69,000",,https://image.msscdn.net/images/goods_img/20180515/781614/781614_1_500.jpg,6,collar,fall
430,https://store.musinsa.com/app/goods/1825532,아조바이아조,Stripe Oversized Polo Shirt [Green],"99,000","69,300",https://image.msscdn.net/images/goods_img/20210304/1825532/1825532_1_500.jpg,6,collar,fall
431,https://store.musinsa.com/app/goods/2161061,헤리토리골프,남성 스트라이프 배색 카라 티셔츠_MGMALSC9411,"169,000","33,000",https://image.msscdn.net/images/goods_img/20211005/2161061/2161061_1_500.jpg,6,collar,
432,https://store.musinsa.com/app/goods/1968330,간트,DI32110143 2052002 3컬러티핑피케셔츠,"128,000","64,000",https://image.msscdn.net/images/goods_img/20210526/1968330/1968330_1_500.jpg,6,collar,spring
433,https://store.musinsa.com/app/goods/2190107,닥스런던,그린 체크 블럭 긴 팔 폴로 티셔츠 (DGTS1D902E2),"210,000",,https://image.msscdn.net/images/goods_img/20211020/2190107/2190107_1_500.jpg,6,collar,spring
434,https://store.musinsa.com/app/goods/2169664,엠유스포츠,레터링 원포인트 티셔츠 MU21522TL55-DAG,"298,000",,https://image.msscdn.net/images/goods_img/20211008/2169664/2169664_1_500.jpg,6,collar,fall
435,https://store.musinsa.com/app/goods/1969426,미미카위,COLOR BLOCK 니트 탑/그린,"59,000","47,200",https://image.msscdn.net/images/goods_img/20210526/1969426/1969426_1_500.jpg,6,collar,fall
436,https://store.musinsa.com/app/goods/1520701,글리머,313-ABN 드라이 폴로 반팔셔츠 그린,"17,000","15,900",https://image.msscdn.net/images/goods_img/20200720/1520701/1520701_1_500.jpg,6,collar,spring
437,https://store.musinsa.com/app/goods/2082711,이올로,테릭 라인 하프카라_그린,"158,000",,https://image.msscdn.net/images/goods_img/20210824/2082711/2082711_1_500.jpg,6,collar,fall
438,https://store.musinsa.com/app/goods/2082951,제이린드버그,[Men] 롱 슬리브 레귤러 폴로 셔츠,"315,000",,https://image.msscdn.net/images/goods_img/20210824/2082951/2082951_1_500.jpg,6,collar,winter
439,https://store.musinsa.com/app/goods/1497604,고저,VELOUR COLLAR T-SHIRT_GREEN,"109,000",,https://image.msscdn.net/images/goods_img/20200625/1497604/1497604_1_500.jpg,6,collar,spring
440,https://store.musinsa.com/app/goods/1985101,프로월드컵,Q221-3329-1TN 남성 카라티셔츠,"43,000",,https://image.msscdn.net/images/goods_img/20210607/1985101/1985101_1_500.jpg,6,collar,summer
441,https://store.musinsa.com/app/goods/1919035,브라이언베리,PILOTO POLO TEE_GREEN,"75,000",,https://image.msscdn.net/images/goods_img/20210425/1919035/1919035_1_500.jpg,6,collar,spring
442,https://store.musinsa.com/app/goods/1584437,비트로,여성 믹스 컬러 카라 반팔 티셔츠 PT-22001-2,"75,000","52,500",https://image.msscdn.net/images/goods_img/20200904/1584437/1584437_1_500.jpg,6,collar,summer
443,https://store.musinsa.com/app/goods/934111,엠엔더블유,DAILITY-Q,"85,000","30,000",https://image.msscdn.net/images/goods_img/20190116/934111/934111_1_500.jpg,6,collar,spring
444,https://store.musinsa.com/app/goods/1468676,프로월드컵,여성 집업 티셔츠 Q218-3221-1(EN),"19,000",,https://image.msscdn.net/images/goods_img/20200601/1468676/1468676_1_500.jpg,6,collar,spring
445,https://store.musinsa.com/app/goods/803317,베이프,APE HEAD 93 POLO,"258,000",,https://image.msscdn.net/images/goods_img/20180619/803317/803317_1_500.jpg,6,collar,fall
446,https://store.musinsa.com/app/goods/984570,라티젠,AE ZIPPER T-SHIRT(GREEN),"39,000","35,100",https://image.msscdn.net/images/goods_img/20190315/984570/984570_1_500.jpg,6,collar,fall
447,https://store.musinsa.com/app/goods/849666,에트르,SMALL TARTAN CHECKS PK T-SHIRT,"163,000","65,200",https://image.msscdn.net/images/goods_img/20180906/849666/849666_1_500.jpg,6,collar,fall
448,https://store.musinsa.com/app/goods/1828673,빈폴골프,남성 그린 서커 스트라이프 칼라 티셔츠 (BJ1342B01M),"199,000","139,300",https://image.msscdn.net/images/goods_img/20210305/1828673/1828673_3_500.jpg,6,collar,spring
449,https://store.musinsa.com/app/goods/1013047,트렁크프로젝트,더블 슬리브 피케셔츠_그린,"138,000","96,600",https://image.msscdn.net/images/goods_img/20190412/1013047/1013047_1_500.jpg,6,collar,spring
450,https://store.musinsa.com/app/goods/1042521,써치410,HUNNID PK T_LIME,"39,000","31,200",https://image.msscdn.net/images/goods_img/20190513/1042521/1042521_1_500.jpg,6,collar,fall
451,https://store.musinsa.com/app/goods/1938911,쿠메 스포츠,Nolan Polo Shirt,"165,000","148,500",https://image.msscdn.net/images/goods_img/20210506/1938911/1938911_1_500.jpg,6,collar,fall
452,https://store.musinsa.com/app/goods/1514614,지프,Color Block Pique Shirts (GL2TSF704GN),"89,000",,https://image.msscdn.net/images/goods_img/20200714/1514614/1514614_1_500.jpg,6,collar,winter
453,https://store.musinsa.com/app/goods/781608,라울,DENIM COLLAR PIQUE SHIRTS EMERALD 데님카라 피케셔츠 솔리드 에메랄드,"69,000",,https://image.msscdn.net/images/goods_img/20180515/781608/781608_1_500.jpg,6,collar,winter
454,https://store.musinsa.com/app/goods/1989205,쥬시,하이넥 PK 반팔 -클래식 블루 (M/L/XL),"98,000","38,000",https://image.msscdn.net/images/goods_img/20210609/1989205/1989205_1_500.png,6,collar,summer
455,https://store.musinsa.com/app/goods/723888,블랭크,STRIPE BOXY T-GN,"108,000","27,000",https://image.msscdn.net/images/goods_img/20180226/723888/723888_1_500.jpg,6,collar,winter
456,https://store.musinsa.com/app/goods/1031259,랩12,22S/S 오버핏 피케티셔츠 (네이비),"39,000","35,100",https://image.msscdn.net/images/goods_img/20190430/1031259/1031259_4_500.jpg,7,collar,winter
457,https://store.musinsa.com/app/goods/2308013,루이까스텔,남자 소필레타 기본 멜란지 티셔츠,"156,000","79,000",https://image.msscdn.net/images/goods_img/20220114/2308013/2308013_1_500.jpg,7,collar,summer
458,https://store.musinsa.com/app/goods/1848859,폴로 랄프 로렌,클래식 핏 아이코닉 럭비 셔츠 - 옐로우,"189,000","132,300",https://image.msscdn.net/images/goods_img/20210317/1848859/1848859_3_500.jpg,7,collar,spring
459,https://store.musinsa.com/app/goods/2292474,빈폴 멘,[ESSENTIAL] Unisex 블루 수피마 코튼 피케 칼라 티셔츠 (BC2141A01P),"139,000",,https://image.msscdn.net/images/goods_img/20220104/2292474/2292474_1_500.jpg,7,collar,summer
460,https://store.musinsa.com/app/goods/2308265,라이크와이즈,남성 반팔 카라 티셔츠(블루),"154,000",,https://image.msscdn.net/images/goods_img/20220114/2308265/2308265_1_500.jpg,7,collar,summer
461,https://store.musinsa.com/app/goods/2297474,테일러메이드 어패럴,21SS 남성 포인트카라 반팔 티셔츠 TMTYK2148-906,"239,000",,https://image.msscdn.net/images/goods_img/20220107/2297474/2297474_1_500.jpg,7,collar,summer
462,https://store.musinsa.com/app/goods/2298340,테일러메이드 어패럴,남성 라인 배색 카라 반팔티셔츠 TMTYK2912-905,"239,000","167,300",https://image.msscdn.net/images/goods_img/20220107/2298340/2298340_1_500.jpg,7,collar,summer
463,https://store.musinsa.com/app/goods/2297610,테일러메이드 어패럴,21SS 남성 카라 반팔 티셔츠 TMTYK2241-906,"219,000",,https://image.msscdn.net/images/goods_img/20220107/2297610/2297610_1_500.jpg,7,collar,summer
464,https://store.musinsa.com/app/goods/2297464,테일러메이드 어패럴,21SS 남성 래글런카라 반팔 티셔츠 TMTYK2243-906,"219,000",,https://image.msscdn.net/images/goods_img/20220107/2297464/2297464_1_500.jpg,7,collar,summer
465,https://store.musinsa.com/app/goods/2300565,스톤아일랜드,21FW 슬림 워싱 PK반팔카라티 다크블루751522S67,"247,000",,https://image.msscdn.net/images/goods_img/20220111/2300565/2300565_1_500.jpg,7,collar,summer
466,https://store.musinsa.com/app/goods/2298353,테일러메이드 어패럴,남성 삼각 패턴 카라 반팔티셔츠 TMTYJ2937-940,"239,000","143,400",https://image.msscdn.net/images/goods_img/20220107/2298353/2298353_1_500.jpg,7,collar,summer
467,https://store.musinsa.com/app/goods/2297633,테일러메이드 어패럴,21SS 남성 배색 카라 반팔 티셔츠 TMTYK2147-906,"259,000",,https://image.msscdn.net/images/goods_img/20220107/2297633/2297633_1_500.jpg,7,collar,summer
468,https://store.musinsa.com/app/goods/1801113,랩12,22S/S 오버핏 피케티셔츠 (그레이블루),"39,000","35,100",https://image.msscdn.net/images/goods_img/20210218/1801113/1801113_1_500.jpg,7,collar,summer
469,https://store.musinsa.com/app/goods/2298161,테일러메이드 어패럴,남성 배색 카라 티셔츠 TMTYJ3971-930,"219,000","131,400",https://image.msscdn.net/images/goods_img/20220107/2298161/2298161_1_500.jpg,7,collar,summer
470,https://store.musinsa.com/app/goods/2298326,테일러메이드 어패럴,여성 스포티 카라 반팔티셔츠 TWTYJ6915-905,"239,000","143,400",https://image.msscdn.net/images/goods_img/20220107/2298326/2298326_1_500.jpg,7,collar,summer
471,https://store.musinsa.com/app/goods/2296796,테일러메이드 어패럴,21FW 여성 로고 배색 카라 티셔츠 TWTYK8141-906,"259,000",,https://image.msscdn.net/images/goods_img/20220107/2296796/2296796_1_500.jpg,7,collar,summer
472,https://store.musinsa.com/app/goods/2297504,테일러메이드 어패럴,남성 카라 포켓 포인트 반팔티셔츠 TMTYJ2926-906,"219,000","131,400",https://image.msscdn.net/images/goods_img/20220107/2297504/2297504_1_500.jpg,7,collar,summer
473,https://store.musinsa.com/app/goods/2296811,테일러메이드 어패럴,21FW 여성 로고 변형 카라 티셔츠 TWTHK8146-906,"259,000",,https://image.msscdn.net/images/goods_img/20220107/2296811/2296811_6_500.jpg,7,collar,summer
474,https://store.musinsa.com/app/goods/2296872,테일러메이드 어패럴,21FW 남성 포인트 카라 티셔츠 TMTYK4147-906,"259,000",,https://image.msscdn.net/images/goods_img/20220107/2296872/2296872_11_500.jpg,7,collar,summer
475,https://store.musinsa.com/app/goods/2298507,테일러메이드 어패럴,남성 포인트 카라 반팔티셔츠 TMTYK2910-905,"219,000","153,300",https://image.msscdn.net/images/goods_img/20220107/2298507/2298507_1_500.jpg,7,collar,
476,https://store.musinsa.com/app/goods/2295958,제이린드버그,[Women] 에시 메쉬 골프 탑,"236,000",,https://image.msscdn.net/images/goods_img/20220106/2295958/2295958_1_500.jpg,7,collar,winter
477,https://store.musinsa.com/app/goods/2296942,테일러메이드 어패럴,21FW 남성 로고 배색 카라 티셔츠 TMTYK3142-906,"199,000",,https://image.msscdn.net/images/goods_img/20220107/2296942/2296942_1_500.jpg,7,collar,summer
478,https://store.musinsa.com/app/goods/2298155,테일러메이드 어패럴,남성 배색 카라 티셔츠 TMTYJ3973-930,"259,000","155,400",https://image.msscdn.net/images/goods_img/20220107/2298155/2298155_1_500.jpg,7,collar,summer
479,https://store.musinsa.com/app/goods/2297544,테일러메이드 어패럴,21SS 남성 배색 카라 긴팔 티셔츠 TMTYK1141-906,"199,000",,https://image.msscdn.net/images/goods_img/20220107/2297544/2297544_1_500.jpg,7,collar,summer
480,https://store.musinsa.com/app/goods/2297438,테일러메이드 어패럴,21SS 남성 냉감 소매 카라 티셔츠 TMTYK1144-906,"239,000",,https://image.msscdn.net/images/goods_img/20220107/2297438/2297438_1_500.jpg,7,collar,summer
481,https://store.musinsa.com/app/goods/1096235,칼하트,폴로 티셔츠 K570,"66,500","46,600",https://image.msscdn.net/images/goods_img/20190716/1096235/1096235_2_500.jpg,7,collar,winter
482,https://store.musinsa.com/app/goods/1387978,무신사 스탠다드,릴렉스 핏 피케 폴로 셔츠 [더스티 블루],"27,900",,https://image.msscdn.net/images/goods_img/20200407/1387978/1387978_1_500.jpg,7,collar,summer
483,https://store.musinsa.com/app/goods/1387968,무신사 스탠다드,베이식 피케 폴로 셔츠 [더스티 블루],"25,900",,https://image.msscdn.net/images/goods_img/20200407/1387968/1387968_1_500.jpg,7,collar,summer
484,https://store.musinsa.com/app/goods/2178284,로맨틱크라운,[몬스터대학교 X 로맨틱크라운]럭비 폴로 셔츠_블루,"72,000","43,200",https://image.msscdn.net/images/goods_img/20211014/2178284/2178284_1_500.jpg,7,collar,summer
485,https://store.musinsa.com/app/goods/1408186,토피,오픈카라 피케 루즈핏 반팔티 (GREYISH BLUE),"29,000","19,900",https://image.msscdn.net/images/goods_img/20200417/1408186/1408186_1_500.jpg,7,collar,summer
486,https://store.musinsa.com/app/goods/2123826,시그니처,폴로 셔츠 니트[블루],"59,000","39,900",https://image.msscdn.net/images/goods_img/20210910/2123826/2123826_1_500.jpg,7,collar,summer
487,https://store.musinsa.com/app/goods/2053284,에잇세컨즈,네이비 스트라이프 칼라 티셔츠 (351842MQ1R),"29,900","12,900",https://image.msscdn.net/images/goods_img/20210809/2053284/2053284_4_500.jpg,7,collar,spring
488,https://store.musinsa.com/app/goods/751418,써치410,(UNISEX) REDFONT PK_NAVY,"39,000","35,100",https://image.msscdn.net/images/goods_img/20180407/751418/751418_1_500.jpg,7,collar,winter
489,https://store.musinsa.com/app/goods/2188790,에잇세컨즈,네이비 스트라이프 버튼 칼라넥 니트_레귤러핏 (251X51GY1R),"49,900","29,900",https://image.msscdn.net/images/goods_img/20211020/2188790/2188790_1_500.jpg,7,collar,summer
490,https://store.musinsa.com/app/goods/2059428,클로티,LOGO PATCH RUGBY T-SHIRT BLUE(CY2BFFT555A),"59,000","47,200",https://image.msscdn.net/images/goods_img/20210812/2059428/2059428_1_500.jpg,7,collar,summer
491,https://store.musinsa.com/app/goods/1412587,무신사 스탠다드,테리 클로스 폴로 셔츠 [더스티 블루],"26,900",,https://image.msscdn.net/images/goods_img/20200421/1412587/1412587_1_500.jpg,7,collar,summer
492,https://store.musinsa.com/app/goods/1848862,폴로 랄프 로렌,커스텀 슬림핏 아이코닉 럭비 셔츠 - 블루,"189,000",,https://image.msscdn.net/images/goods_img/20210317/1848862/1848862_1_500.jpg,7,collar,summer
493,https://store.musinsa.com/app/goods/1115619,로맨틱 파이어리츠,MINIMAL BUTTON PK LONG SLEEVE(NAVY),"35,500",,https://image.msscdn.net/images/goods_img/20190810/1115619/1115619_2_500.jpg,7,collar,fall
494,https://store.musinsa.com/app/goods/1848793,폴로 랄프 로렌,커스텀 슬림핏 메시 폴로 셔츠 - 블루,"149,000",,https://image.msscdn.net/images/goods_img/20210317/1848793/1848793_1_500.jpg,7,collar,summer
495,https://store.musinsa.com/app/goods/2149724,프리즘웍스,OG PIGMENT DYEING RUGBY TEE _ BLUE,"69,000","48,300",https://image.msscdn.net/images/goods_img/20210928/2149724/2149724_1_500.jpg,7,collar,summer
496,https://store.musinsa.com/app/goods/1930199,로맨틱 파이어리츠,292513 minimal PK T-shirt(midnight blue),"35,000",,https://image.msscdn.net/images/goods_img/20210429/1930199/1930199_1_500.jpg,7,collar,fall
497,https://store.musinsa.com/app/goods/981646,[클리어런스],AF 스티치 롱 PK 티셔츠 (블루),"58,000","9,900",https://image.msscdn.net/images/goods_img/20190313/981646/981646_2_500.jpg,7,collar,summer
498,https://store.musinsa.com/app/goods/966164,[클리어런스],Old School Crest LSLV TS D/Navy G9S2T516_56,"88,000","25,900",https://image.msscdn.net/images/goods_img/20190226/966164/966164_1_500.jpg,7,collar,winter
